filename,label
000000289343.jpg,dog
000000061471.jpg,dog
000000472375.jpg,dog
000000520301.jpg,dog
000000579321.jpg,dog
000000494869.jpg,dog
000000554002.jpg,dog
000000078823.jpg,dog
000000419974.jpg,dog
000000404484.jpg,dog
000000329219.jpg,dog
000000068078.jpg,dog
000000170893.jpg,dog
000000065485.jpg,dog
000000498286.jpg,dog
000000424162.jpg,dog
000000061108.jpg,dog
000000067213.jpg,dog
000000365207.jpg,dog
000000131273.jpg,dog
000000279278.jpg,dog
000000007386.jpg,dog
000000186980.jpg,chair
000000037777.jpg,chair
000000419974.jpg,chair
000000555050.jpg,chair
000000575970.jpg,chair
000000441247.jpg,chair
000000136355.jpg,chair
000000093437.jpg,chair
000000440475.jpg,chair
000000525083.jpg,chair
000000107087.jpg,chair
000000435003.jpg,chair
000000068833.jpg,chair
000000017899.jpg,chair
000000274687.jpg,chair
000000221708.jpg,chair
000000216497.jpg,chair
000000045596.jpg,bicycle
000000259830.jpg,bicycle
000000426166.jpg,bicycle
000000309391.jpg,bicycle
000000101762.jpg,bicycle
000000357737.jpg,bicycle
000000274687.jpg,bicycle
000000251140.jpg,bicycle
000000370208.jpg,bicycle
000000055022.jpg,bicycle
000000135670.jpg,bicycle
000000242287.jpg,bicycle
000000087038.jpg,bicycle
000000577932.jpg,bicycle
000000356387.jpg,bicycle
000000122166.jpg,bicycle
000000441586.jpg,bicycle
000000228436.jpg,bicycle
000000011149.jpg,bicycle
000000256941.jpg,bicycle
000000070774.jpg,bicycle
000000414510.jpg,bicycle
000000424162.jpg,bicycle
000000210273.jpg,bicycle
000000507037.jpg,bicycle
000000350122.jpg,bicycle
000000038829.jpg,bicycle
000000403565.jpg,bicycle
000000109055.jpg,bicycle
000000570834.jpg,bicycle
000000174482.jpg,bicycle
000000291634.jpg,bicycle
000000203317.jpg,bicycle
000000169996.jpg,bicycle
000000266400.jpg,bicycle
000000152771.jpg,bicycle
000000261888.jpg,bicycle
000000395180.jpg,bicycle
000000488592.jpg,bicycle
000000226417.jpg,bicycle
000000061108.jpg,bicycle
000000508602.jpg,car
000000146667.jpg,car
000000114770.jpg,car
000000414510.jpg,car
000000226417.jpg,car
000000527220.jpg,car
000000122166.jpg,car
000000078823.jpg,car
000000530099.jpg,car
000000329614.jpg,car
000000367680.jpg,car
000000023272.jpg,car
000000177934.jpg,car
000000169996.jpg,car
000000167122.jpg,car
000000228436.jpg,car
000000498286.jpg,car
000000067213.jpg,car
000000138639.jpg,car
000000296649.jpg,car
000000017207.jpg,car
000000368335.jpg,car
000000424162.jpg,car
000000577932.jpg,car
000000466156.jpg,car
000000174482.jpg,car
000000357737.jpg,car
000000152771.jpg,car
000000172330.jpg,car
000000068093.jpg,car
000000165681.jpg,car
000000301376.jpg,car
000000010363.jpg,car
000000107087.jpg,car
000000493286.jpg,car
000000111086.jpg,car
000000365207.jpg,car
000000507975.jpg,car
000000491213.jpg,car
000000061108.jpg,car
000000461751.jpg,car
000000309391.jpg,car
000000045596.jpg,car
000000492077.jpg,car
000000579902.jpg,car
000000017178.jpg,car
000000555050.jpg,car
000000260925.jpg,car
000000181542.jpg,car
000000425226.jpg,person
000000440475.jpg,person
000000266400.jpg,person
000000069213.jpg,person
000000555050.jpg,person
000000292456.jpg,person
000000309391.jpg,person
000000291634.jpg,person
000000433915.jpg,person
000000441247.jpg,person
000000139099.jpg,person
000000458992.jpg,person
000000481567.jpg,person
000000251140.jpg,person
000000055022.jpg,person
000000329614.jpg,person
000000165681.jpg,person
000000009772.jpg,person
000000102331.jpg,person
000000395180.jpg,person
000000301376.jpg,person
000000078748.jpg,person
000000031817.jpg,person
000000579902.jpg,person
000000182611.jpg,person
000000178982.jpg,person
000000357737.jpg,person
000000279278.jpg,person
000000038829.jpg,person
000000494869.jpg,person
000000329219.jpg,person
000000380706.jpg,person
000000546976.jpg,person
000000493286.jpg,person
000000122166.jpg,person
000000394199.jpg,person
000000419974.jpg,person
000000424162.jpg,person
000000011149.jpg,person
000000492937.jpg,person
000000464476.jpg,person
000000169996.jpg,person
000000146667.jpg,person
000000397133.jpg,person
000000289343.jpg,person
000000579321.jpg,person
000000422706.jpg,person
000000210273.jpg,person
000000261888.jpg,person
000000246963.jpg,person
000000445834.jpg,person
000000176857.jpg,person
000000534605.jpg,person
000000577932.jpg,person
000000338304.jpg,person
000000017899.jpg,person
000000093437.jpg,person
000000488592.jpg,person
000000507975.jpg,person
000000356387.jpg,person
000000067213.jpg,person
000000226408.jpg,person
000000200839.jpg,person
000000068093.jpg,person
000000554002.jpg,person
000000210299.jpg,person
000000248334.jpg,person
000000441586.jpg,person
000000472623.jpg,person
000000045596.jpg,person
000000481386.jpg,person
000000570834.jpg,person
000000461751.jpg,person
000000244833.jpg,person
000000414510.jpg,person
000000480985.jpg,person
000000345027.jpg,person
000000492077.jpg,bicycle
000000279278.jpg,bicycle
000000033854.jpg,car
000000065485.jpg,car
000000404484.jpg,person
000000033854.jpg,person
000000177934.jpg,person
000000367680.jpg,person
000000259640.jpg,bicycle
000000508370.jpg,bicycle
000000144333.jpg,bicycle
000000224051.jpg,bicycle
000000074058.jpg,bicycle
000000058539.jpg,car
000000144333.jpg,car
000000141597.jpg,car
000000376284.jpg,car
000000089556.jpg,car
000000292997.jpg,car
000000295809.jpg,car
000000227511.jpg,car
000000074058.jpg,car
000000418696.jpg,car
000000480944.jpg,car
000000228942.jpg,car
000000560474.jpg,car
000000412531.jpg,car
000000183709.jpg,car
000000515266.jpg,car
000000301135.jpg,car
000000097679.jpg,car
000000365642.jpg,car
000000224051.jpg,car
000000074058.jpg,chair
000000173302.jpg,chair
000000156278.jpg,chair
000000504074.jpg,chair
000000298396.jpg,chair
000000030213.jpg,chair
000000479126.jpg,chair
000000008211.jpg,chair
000000407614.jpg,chair
000000185802.jpg,chair
000000472046.jpg,chair
000000507081.jpg,chair
000000543047.jpg,chair
000000438774.jpg,chair
000000034873.jpg,chair
000000415194.jpg,chair
000000480122.jpg,chair
000000074209.jpg,chair
000000519569.jpg,chair
000000187243.jpg,person
000000492362.jpg,person
000000202228.jpg,person
000000078404.jpg,person
000000183709.jpg,person
000000054654.jpg,person
000000383606.jpg,person
000000211825.jpg,person
000000117645.jpg,person
000000173799.jpg,person
000000365642.jpg,person
000000297353.jpg,person
000000423123.jpg,person
000000297578.jpg,person
000000110042.jpg,person
000000292997.jpg,person
000000580294.jpg,person
000000482436.jpg,person
000000299887.jpg,person
000000393569.jpg,person
000000333745.jpg,person
000000565045.jpg,person
000000370486.jpg,person
000000233370.jpg,person
000000481573.jpg,person
000000164602.jpg,person
000000173008.jpg,person
000000223747.jpg,person
000000438774.jpg,person
000000016249.jpg,person
000000037670.jpg,person
000000484415.jpg,person
000000485844.jpg,person
000000232563.jpg,person
000000479126.jpg,person
000000008211.jpg,person
000000346703.jpg,person
000000294350.jpg,person
000000313182.jpg,person
000000520910.jpg,person
000000074058.jpg,person
000000281032.jpg,person
000000108026.jpg,person
000000122217.jpg,person
000000030828.jpg,person
000000002532.jpg,person
000000243204.jpg,person
000000117425.jpg,person
000000467511.jpg,person
000000314177.jpg,person
000000466986.jpg,person
000000323263.jpg,person
000000229358.jpg,person
000000144333.jpg,person
000000455597.jpg,person
000000527750.jpg,person
000000170099.jpg,person
000000017436.jpg,person
000000084241.jpg,person
000000032817.jpg,person
000000262895.jpg,person
000000384808.jpg,person
000000465129.jpg,person
000000123480.jpg,person
000000003156.jpg,person
000000097679.jpg,person
000000560474.jpg,person
000000237118.jpg,person
000000561256.jpg,person
000000489339.jpg,person
000000252219.jpg,person
000000474095.jpg,person
000000504074.jpg,person
000000228214.jpg,person
000000398905.jpg,person
000000058705.jpg,person
000000022371.jpg,person
000000066231.jpg,person
000000163562.jpg,person
000000058539.jpg,person
000000228942.jpg,person
000000508370.jpg,person
000000025096.jpg,person
000000033638.jpg,person
000000349184.jpg,person
000000465179.jpg,person
000000507473.jpg,person
000000523100.jpg,person
000000173302.jpg,person
000000206411.jpg,person
000000056350.jpg,person
000000222094.jpg,car
000000492077.jpg,person
000000138639.jpg,person
000000459272.jpg,person
000000087038.jpg,person
000000226662.jpg,person
000000295809.jpg,person
000000336232.jpg,person
000000267537.jpg,person
000000555597.jpg,person
000000469192.jpg,person
000000507037.jpg,person
000000574702.jpg,person
000000260925.jpg,person
000000044279.jpg,person
000000283785.jpg,person
000000259640.jpg,person
000000154718.jpg,person
000000057672.jpg,person
000000226417.jpg,person
000000455624.jpg,person
000000199771.jpg,person
000000181542.jpg,person
000000296649.jpg,person
000000567197.jpg,person
000000361586.jpg,person
000000343561.jpg,person
000000400803.jpg,person
000000350122.jpg,person
000000052996.jpg,person
000000491213.jpg,person
000000370208.jpg,person
000000276018.jpg,person
000000111086.jpg,person
000000301135.jpg,person
000000191845.jpg,person
000000139099.jpg,bicycle
000000007386.jpg,bicycle
000000008211.jpg,bicycle
000000295809.jpg,bicycle
000000343561.jpg,bicycle
000000057672.jpg,car
000000210273.jpg,car
000000240940.jpg,car
000000336232.jpg,car
000000313182.jpg,car
000000555597.jpg,car
000000380706.jpg,car
000000052412.jpg,car
000000139099.jpg,dog
000000540502.jpg,chair
000000447169.jpg,chair
000000471991.jpg,chair
000000537812.jpg,chair
000000453302.jpg,chair
000000244833.jpg,chair
000000016249.jpg,chair
000000167122.jpg,person
000000212453.jpg,person
000000086220.jpg,person
000000550714.jpg,person
000000259830.jpg,person
000000489305.jpg,person
000000232649.jpg,person
000000168337.jpg,person
000000017207.jpg,person
000000149222.jpg,person
000000210299.jpg,bicycle
000000138639.jpg,bicycle
000000301376.jpg,bicycle
000000301135.jpg,bicycle
000000139099.jpg,car
000000086220.jpg,car
000000297578.jpg,car
000000565391.jpg,car
000000554291.jpg,dog
000000025096.jpg,chair
000000554291.jpg,chair
000000485844.jpg,chair
000000491216.jpg,chair
000000554002.jpg,chair
000000017379.jpg,person
000000055002.jpg,person
000000567197.jpg,car
000000030828.jpg,car
000000368900.jpg,chair
000000333745.jpg,chair
000000345027.jpg,chair
000000029187.jpg,person
000000403565.jpg,person
000000371529.jpg,person
000000472623.jpg,bicycle
000000289343.jpg,bicycle
000000010363.jpg,bicycle
000000492937.jpg,bicycle
000000462614.jpg,chair
000000413552.jpg,person
000000482917.jpg,dog
000000088951.jpg,dog
000000060835.jpg,dog
000000261161.jpg,dog
000000129756.jpg,dog
000000267300.jpg,dog
000000169076.jpg,dog
000000546829.jpg,dog
000000209613.jpg,dog
000000224200.jpg,dog
000000205834.jpg,dog
000000432553.jpg,dog
000000225184.jpg,dog
000000372819.jpg,dog
000000452891.jpg,dog
000000076417.jpg,dog
000000366884.jpg,dog
000000291664.jpg,dog
000000029393.jpg,dog
000000377575.jpg,dog
000000041872.jpg,chair
000000341058.jpg,chair
000000190236.jpg,chair
000000491497.jpg,chair
000000275749.jpg,chair
000000366884.jpg,chair
000000363840.jpg,chair
000000472678.jpg,chair
000000214720.jpg,chair
000000457078.jpg,chair
000000388258.jpg,bicycle
000000142324.jpg,bicycle
000000361103.jpg,bicycle
000000432553.jpg,bicycle
000000193926.jpg,bicycle
000000429109.jpg,bicycle
000000319607.jpg,bicycle
000000306136.jpg,bicycle
000000013177.jpg,bicycle
000000196843.jpg,bicycle
000000206487.jpg,car
000000274272.jpg,car
000000158548.jpg,car
000000027768.jpg,car
000000015338.jpg,car
000000338625.jpg,car
000000392722.jpg,car
000000147740.jpg,car
000000490936.jpg,car
000000201934.jpg,car
000000468124.jpg,car
000000454661.jpg,car
000000269632.jpg,car
000000142585.jpg,car
000000336658.jpg,car
000000543043.jpg,car
000000315450.jpg,car
000000538364.jpg,car
000000017627.jpg,car
000000260266.jpg,car
000000026204.jpg,car
000000147223.jpg,car
000000315187.jpg,car
000000230008.jpg,car
000000076417.jpg,car
000000520009.jpg,car
000000284725.jpg,car
000000446651.jpg,car
000000278848.jpg,car
000000463730.jpg,car
000000232538.jpg,car
000000198928.jpg,car
000000480021.jpg,car
000000142472.jpg,car
000000463037.jpg,car
000000136715.jpg,car
000000085376.jpg,car
000000176606.jpg,car
000000211674.jpg,car
000000568290.jpg,car
000000276284.jpg,car
000000134886.jpg,car
000000226802.jpg,car
000000334371.jpg,car
000000550691.jpg,car
000000404479.jpg,car
000000156071.jpg,car
000000512564.jpg,car
000000226154.jpg,person
000000568290.jpg,person
000000353180.jpg,person
000000013177.jpg,person
000000516143.jpg,person
000000245448.jpg,person
000000366884.jpg,person
000000274272.jpg,person
000000278848.jpg,person
000000306136.jpg,person
000000206487.jpg,person
000000348881.jpg,person
000000553776.jpg,person
000000055167.jpg,person
000000088951.jpg,person
000000504000.jpg,person
000000408112.jpg,person
000000145620.jpg,person
000000545594.jpg,person
000000071711.jpg,person
000000187144.jpg,person
000000499622.jpg,person
000000365655.jpg,person
000000429109.jpg,person
000000224119.jpg,person
000000008690.jpg,person
000000280710.jpg,person
000000142585.jpg,person
000000425221.jpg,person
000000566436.jpg,person
000000284698.jpg,person
000000342367.jpg,person
000000363875.jpg,person
000000037751.jpg,person
000000214720.jpg,person
000000197870.jpg,person
000000013348.jpg,person
000000482917.jpg,person
000000158548.jpg,person
000000531036.jpg,person
000000381639.jpg,person
000000230008.jpg,person
000000297147.jpg,person
000000194875.jpg,person
000000163746.jpg,person
000000319534.jpg,person
000000214192.jpg,person
000000129756.jpg,person
000000181666.jpg,person
000000520009.jpg,person
000000026204.jpg,person
000000226802.jpg,person
000000336658.jpg,person
000000187249.jpg,person
000000463199.jpg,person
000000319607.jpg,person
000000396903.jpg,person
000000007816.jpg,person
000000017627.jpg,person
000000392722.jpg,person
000000332901.jpg,person
000000538364.jpg,person
000000224724.jpg,person
000000103548.jpg,person
000000460967.jpg,person
000000459634.jpg,person
000000372819.jpg,person
000000255749.jpg,person
000000338219.jpg,person
000000578792.jpg,person
000000522713.jpg,person
000000446651.jpg,person
000000110721.jpg,person
000000571857.jpg,person
000000169076.jpg,person
000000144114.jpg,person
000000338625.jpg,person
000000052017.jpg,person
000000427338.jpg,person
000000497568.jpg,person
000000455085.jpg,person
000000102356.jpg,person
000000102411.jpg,person
000000463730.jpg,person
000000183500.jpg,person
000000275749.jpg,person
000000210032.jpg,person
000000165518.jpg,person
000000027768.jpg,person
000000198928.jpg,person
000000147740.jpg,person
000000446206.jpg,person
000000144300.jpg,person
000000180383.jpg,person
000000190676.jpg,person
000000374052.jpg,person
000000333402.jpg,person
000000094871.jpg,person
000000350023.jpg,person
000000134886.jpg,person
000000334371.jpg,person
000000550691.jpg,person
000000142472.jpg,person
000000571264.jpg,person
000000377723.jpg,person
000000551794.jpg,person
000000099054.jpg,person
000000545219.jpg,person
000000433204.jpg,person
000000394275.jpg,person
000000491090.jpg,person
000000550349.jpg,person
000000192699.jpg,person
000000534827.jpg,person
000000459437.jpg,person
000000457848.jpg,person
000000413404.jpg,person
000000570539.jpg,person
000000143556.jpg,person
000000254814.jpg,bicycle
000000179265.jpg,car
000000485237.jpg,car
000000254814.jpg,car
000000005037.jpg,car
000000063740.jpg,person
000000001761.jpg,person
000000513580.jpg,person
000000432553.jpg,person
000000205401.jpg,person
000000303908.jpg,car
000000338219.jpg,chair
000000077396.jpg,chair
000000476704.jpg,bicycle
000000097988.jpg,bicycle
000000400367.jpg,car
000000177893.jpg,car
000000032941.jpg,car
000000094751.jpg,car
000000001532.jpg,car
000000243867.jpg,car
000000193717.jpg,car
000000569030.jpg,car
000000327890.jpg,car
000000087144.jpg,car
000000283037.jpg,car
000000438017.jpg,car
000000338560.jpg,car
000000565012.jpg,car
000000098392.jpg,car
000000476704.jpg,car
000000453841.jpg,car
000000341921.jpg,car
000000287291.jpg,car
000000215723.jpg,car
000000439623.jpg,car
000000144706.jpg,car
000000343496.jpg,car
000000542423.jpg,car
000000307074.jpg,car
000000526392.jpg,car
000000269942.jpg,car
000000361142.jpg,car
000000279714.jpg,car
000000166391.jpg,car
000000105912.jpg,car
000000517069.jpg,car
000000558558.jpg,car
000000553511.jpg,car
000000436738.jpg,car
000000170545.jpg,car
000000310072.jpg,car
000000221754.jpg,car
000000183246.jpg,car
000000488075.jpg,chair
000000138550.jpg,chair
000000237984.jpg,chair
000000248314.jpg,chair
000000288584.jpg,chair
000000229659.jpg,chair
000000537153.jpg,person
000000036494.jpg,person
000000150265.jpg,person
000000517069.jpg,person
000000341921.jpg,person
000000389812.jpg,person
000000076416.jpg,person
000000343496.jpg,person
000000449909.jpg,person
000000130826.jpg,person
000000088848.jpg,person
000000459153.jpg,person
000000094751.jpg,person
000000395575.jpg,person
000000215723.jpg,person
000000202339.jpg,person
000000531134.jpg,person
000000222118.jpg,person
000000327601.jpg,person
000000186449.jpg,person
000000042628.jpg,person
000000386912.jpg,person
000000542423.jpg,person
000000021839.jpg,person
000000287291.jpg,person
000000575187.jpg,person
000000089697.jpg,person
000000162858.jpg,person
000000553511.jpg,person
000000408696.jpg,person
000000229659.jpg,person
000000098716.jpg,person
000000221754.jpg,person
000000569030.jpg,person
000000193717.jpg,person
000000373705.jpg,person
000000087144.jpg,person
000000273132.jpg,person
000000126226.jpg,person
000000011511.jpg,person
000000060347.jpg,person
000000132587.jpg,person
000000531707.jpg,person
000000571718.jpg,person
000000058393.jpg,person
000000391375.jpg,person
000000048153.jpg,person
000000144003.jpg,person
000000044590.jpg,person
000000152120.jpg,person
000000295713.jpg,person
000000547336.jpg,person
000000436738.jpg,person
000000562448.jpg,person
000000062353.jpg,person
000000067180.jpg,person
000000227478.jpg,person
000000291791.jpg,person
000000001584.jpg,person
000000240049.jpg,person
000000412894.jpg,person
000000214869.jpg,person
000000222458.jpg,person
000000105912.jpg,person
000000471567.jpg,person
000000464824.jpg,car
000000044590.jpg,car
000000303818.jpg,car
000000568439.jpg,person
000000211674.jpg,person
000000115946.jpg,person
000000542856.jpg,person
000000284445.jpg,person
000000156071.jpg,person
000000183246.jpg,person
000000361142.jpg,person
000000176606.jpg,person
000000303818.jpg,person
000000468124.jpg,person
000000477441.jpg,person
000000361103.jpg,person
000000248810.jpg,person
000000193926.jpg,person
000000288584.jpg,person
000000315187.jpg,person
000000254814.jpg,person
000000098392.jpg,person
000000204186.jpg,person
000000203389.jpg,person
000000480021.jpg,person
000000441553.jpg,person
000000376365.jpg,person
000000442480.jpg,person
000000005037.jpg,person
000000314251.jpg,person
000000179265.jpg,person
000000453841.jpg,person
000000306893.jpg,person
000000506454.jpg,person
000000097988.jpg,person
000000490936.jpg,person
000000308631.jpg,person
000000142324.jpg,person
000000136715.jpg,person
000000478862.jpg,person
000000085376.jpg,person
000000209222.jpg,person
000000243867.jpg,person
000000302452.jpg,person
000000109900.jpg,person
000000256192.jpg,person
000000190923.jpg,person
000000524850.jpg,person
000000490936.jpg,bicycle
000000008899.jpg,bicycle
000000296649.jpg,bicycle
000000076416.jpg,bicycle
000000162858.jpg,bicycle
000000498709.jpg,car
000000155451.jpg,car
000000429109.jpg,car
000000224724.jpg,car
000000115946.jpg,car
000000059386.jpg,car
000000303305.jpg,car
000000042070.jpg,car
000000433204.jpg,car
000000209222.jpg,car
000000462756.jpg,car
000000350023.jpg,car
000000084752.jpg,car
000000456394.jpg,car
000000244379.jpg,car
000000055167.jpg,car
000000255917.jpg,car
000000022755.jpg,car
000000162858.jpg,car
000000319607.jpg,car
000000194875.jpg,chair
000000425221.jpg,chair
000000327601.jpg,chair
000000205514.jpg,chair
000000571718.jpg,chair
000000213445.jpg,chair
000000036494.jpg,chair
000000376365.jpg,chair
000000303305.jpg,person
000000255917.jpg,person
000000479912.jpg,person
000000472678.jpg,person
000000234526.jpg,person
000000094326.jpg,person
000000520324.jpg,person
000000437514.jpg,person
000000042070.jpg,person
000000042102.jpg,person
000000289222.jpg,person
000000512564.jpg,person
000000190756.jpg,person
000000363840.jpg,person
000000131138.jpg,person
000000571857.jpg,bicycle
000000338625.jpg,bicycle
000000531134.jpg,bicycle
000000008762.jpg,car
000000354753.jpg,car
000000021839.jpg,car
000000144003.jpg,chair
000000482719.jpg,chair
000000194832.jpg,chair
000000386912.jpg,chair
000000210032.jpg,chair
000000571857.jpg,chair
000000116479.jpg,chair
000000032941.jpg,person
000000284725.jpg,person
000000269632.jpg,person
000000350023.jpg,bicycle
000000284445.jpg,car
000000102411.jpg,car
000000109441.jpg,car
000000143931.jpg,person
000000272136.jpg,person
000000017905.jpg,person
000000464824.jpg,person
000000340451.jpg,person
000000457078.jpg,person
000000314251.jpg,car
000000078565.jpg,dog
000000171611.jpg,dog
000000489014.jpg,dog
000000193162.jpg,dog
000000361571.jpg,dog
000000532575.jpg,dog
000000190140.jpg,dog
000000079229.jpg,dog
000000407083.jpg,dog
000000415990.jpg,dog
000000219578.jpg,dog
000000161609.jpg,dog
000000311190.jpg,dog
000000241326.jpg,dog
000000474164.jpg,dog
000000117525.jpg,dog
000000189806.jpg,dog
000000246454.jpg,dog
000000286422.jpg,dog
000000235399.jpg,dog
000000236166.jpg,dog
000000126110.jpg,dog
000000140203.jpg,dog
000000392818.jpg,dog
000000053529.jpg,dog
000000288685.jpg,dog
000000305343.jpg,dog
000000264441.jpg,chair
000000065288.jpg,chair
000000231580.jpg,chair
000000353970.jpg,chair
000000494188.jpg,chair
000000106389.jpg,chair
000000329319.jpg,chair
000000277051.jpg,chair
000000082696.jpg,chair
000000013659.jpg,chair
000000135872.jpg,chair
000000210099.jpg,chair
000000153527.jpg,chair
000000078420.jpg,chair
000000519764.jpg,chair
000000530466.jpg,chair
000000520531.jpg,chair
000000540928.jpg,chair
000000430073.jpg,chair
000000076547.jpg,bicycle
000000185472.jpg,bicycle
000000184324.jpg,bicycle
000000050145.jpg,bicycle
000000130386.jpg,bicycle
000000277005.jpg,bicycle
000000011197.jpg,bicycle
000000185157.jpg,bicycle
000000233727.jpg,bicycle
000000065288.jpg,bicycle
000000210394.jpg,bicycle
000000227399.jpg,bicycle
000000099114.jpg,bicycle
000000563604.jpg,bicycle
000000153527.jpg,bicycle
000000033109.jpg,car
000000426268.jpg,car
000000124277.jpg,car
000000165039.jpg,car
000000138979.jpg,car
000000495146.jpg,car
000000566758.jpg,car
000000011197.jpg,car
000000213605.jpg,car
000000369812.jpg,car
000000057149.jpg,car
000000039484.jpg,car
000000014380.jpg,car
000000147725.jpg,car
000000396338.jpg,car
000000393093.jpg,car
000000426372.jpg,car
000000376625.jpg,car
000000276720.jpg,car
000000534394.jpg,car
000000334555.jpg,car
000000511999.jpg,car
000000514376.jpg,car
000000184324.jpg,car
000000148508.jpg,car
000000394206.jpg,car
000000534639.jpg,car
000000263594.jpg,car
000000356612.jpg,car
000000580418.jpg,car
000000436883.jpg,car
000000296224.jpg,car
000000338986.jpg,car
000000507667.jpg,car
000000220732.jpg,car
000000423617.jpg,car
000000511076.jpg,car
000000130386.jpg,car
000000277005.jpg,car
000000499775.jpg,car
000000389566.jpg,car
000000379800.jpg,car
000000563653.jpg,car
000000081394.jpg,car
000000019042.jpg,car
000000542625.jpg,car
000000344029.jpg,car
000000479030.jpg,car
000000006723.jpg,car
000000176037.jpg,person
000000081394.jpg,person
000000070254.jpg,person
000000161609.jpg,person
000000389532.jpg,person
000000276024.jpg,person
000000494188.jpg,person
000000389451.jpg,person
000000428562.jpg,person
000000484893.jpg,person
000000525155.jpg,person
000000284991.jpg,person
000000559956.jpg,person
000000375278.jpg,person
000000406997.jpg,person
000000393093.jpg,person
000000128372.jpg,person
000000220858.jpg,person
000000025560.jpg,person
000000439715.jpg,person
000000469246.jpg,person
000000429718.jpg,person
000000375493.jpg,person
000000455219.jpg,person
000000458755.jpg,person
000000046497.jpg,person
000000146825.jpg,person
000000105264.jpg,person
000000153527.jpg,person
000000053529.jpg,person
000000355817.jpg,person
000000500477.jpg,person
000000395388.jpg,person
000000076547.jpg,person
000000258911.jpg,person
000000484404.jpg,person
000000527616.jpg,person
000000050145.jpg,person
000000311392.jpg,person
000000415536.jpg,person
000000268000.jpg,person
000000456496.jpg,person
000000378139.jpg,person
000000052007.jpg,person
000000186624.jpg,person
000000563604.jpg,person
000000344029.jpg,person
000000439593.jpg,person
000000572462.jpg,person
000000448410.jpg,person
000000304365.jpg,person
000000076625.jpg,person
000000505638.jpg,person
000000413395.jpg,person
000000546659.jpg,person
000000407083.jpg,person
000000082812.jpg,person
000000148508.jpg,person
000000286422.jpg,person
000000001268.jpg,person
000000362682.jpg,person
000000185472.jpg,person
000000290293.jpg,person
000000303863.jpg,person
000000389684.jpg,person
000000435206.jpg,person
000000415990.jpg,person
000000579818.jpg,person
000000082085.jpg,person
000000013659.jpg,person
000000181421.jpg,person
000000133567.jpg,person
000000287874.jpg,person
000000566524.jpg,person
000000507797.jpg,person
000000288685.jpg,person
000000182441.jpg,person
000000126107.jpg,person
000000511599.jpg,person
000000039484.jpg,person
000000563653.jpg,person
000000431876.jpg,person
000000458109.jpg,person
000000148999.jpg,person
000000117525.jpg,person
000000396338.jpg,person
000000475387.jpg,person
000000140203.jpg,person
000000061268.jpg,person
000000394206.jpg,person
000000426268.jpg,person
000000087470.jpg,person
000000190140.jpg,person
000000082696.jpg,person
000000497867.jpg,person
000000140583.jpg,person
000000436883.jpg,person
000000171611.jpg,person
000000308394.jpg,person
000000236166.jpg,person
000000508917.jpg,person
000000233727.jpg,person
000000511076.jpg,person
000000006040.jpg,person
000000469067.jpg,person
000000356612.jpg,person
000000492282.jpg,person
000000138979.jpg,person
000000072852.jpg,person
000000049060.jpg,person
000000122606.jpg,person
000000231580.jpg,person
000000357748.jpg,person
000000025181.jpg,person
000000140640.jpg,person
000000135902.jpg,person
000000220732.jpg,person
000000535094.jpg,person
000000079229.jpg,person
000000155145.jpg,person
000000548780.jpg,person
000000369675.jpg,person
000000002006.jpg,person
000000434247.jpg,person
000000574315.jpg,person
000000183675.jpg,person
000000511999.jpg,person
000000423617.jpg,person
000000495146.jpg,person
000000565778.jpg,person
000000165039.jpg,person
000000169169.jpg,person
000000253835.jpg,person
000000014473.jpg,person
000000356612.jpg,bicycle
000000515025.jpg,car
000000539445.jpg,car
000000006040.jpg,car
000000369812.jpg,person
000000065288.jpg,person
000000130386.jpg,person
000000515025.jpg,person
000000011197.jpg,person
000000133819.jpg,person
000000316054.jpg,person
000000001353.jpg,person
000000137727.jpg,person
000000369442.jpg,person
000000395633.jpg,person
000000100274.jpg,car
000000464251.jpg,chair
000000500613.jpg,car
000000350003.jpg,car
000000146498.jpg,car
000000100283.jpg,car
000000577976.jpg,car
000000414133.jpg,car
000000441468.jpg,car
000000499768.jpg,car
000000523241.jpg,car
000000320232.jpg,car
000000155341.jpg,car
000000417779.jpg,car
000000283318.jpg,car
000000345361.jpg,car
000000297681.jpg,car
000000322864.jpg,car
000000484029.jpg,car
000000356169.jpg,car
000000326627.jpg,car
000000192716.jpg,car
000000204871.jpg,car
000000354829.jpg,car
000000323571.jpg,car
000000293071.jpg,car
000000273198.jpg,car
000000278749.jpg,car
000000521141.jpg,car
000000283038.jpg,car
000000561679.jpg,car
000000084170.jpg,car
000000026926.jpg,car
000000153011.jpg,car
000000377946.jpg,car
000000093154.jpg,car
000000343976.jpg,car
000000225532.jpg,car
000000054967.jpg,car
000000230450.jpg,car
000000496722.jpg,car
000000276707.jpg,car
000000196759.jpg,car
000000213593.jpg,car
000000127092.jpg,car
000000041633.jpg,car
000000499181.jpg,car
000000046872.jpg,car
000000181816.jpg,car
000000447342.jpg,car
000000338718.jpg,car
000000565563.jpg,car
000000135410.jpg,car
000000460147.jpg,car
000000289594.jpg,car
000000442456.jpg,car
000000198805.jpg,car
000000475484.jpg,car
000000460347.jpg,car
000000161128.jpg,car
000000258793.jpg,car
000000393226.jpg,car
000000334006.jpg,car
000000429011.jpg,car
000000369751.jpg,car
000000067616.jpg,car
000000124798.jpg,car
000000214200.jpg,car
000000335177.jpg,car
000000521052.jpg,car
000000153011.jpg,chair
000000564336.jpg,chair
000000014226.jpg,chair
000000252294.jpg,person
000000140556.jpg,person
000000161128.jpg,person
000000038048.jpg,person
000000502336.jpg,person
000000273198.jpg,person
000000345361.jpg,person
000000031322.jpg,person
000000564336.jpg,person
000000130599.jpg,person
000000153529.jpg,person
000000135410.jpg,person
000000532058.jpg,person
000000351530.jpg,person
000000492284.jpg,person
000000067616.jpg,person
000000505942.jpg,person
000000358923.jpg,person
000000127092.jpg,person
000000297022.jpg,person
000000205289.jpg,person
000000401446.jpg,person
000000373353.jpg,person
000000569273.jpg,person
000000158956.jpg,person
000000475484.jpg,person
000000456559.jpg,person
000000323751.jpg,person
000000029397.jpg,person
000000285894.jpg,person
000000172648.jpg,person
000000049259.jpg,person
000000078843.jpg,person
000000301061.jpg,person
000000385190.jpg,person
000000101068.jpg,person
000000350003.jpg,person
000000009769.jpg,person
000000467848.jpg,person
000000377946.jpg,person
000000151657.jpg,person
000000180011.jpg,person
000000315492.jpg,person
000000393226.jpg,person
000000365745.jpg,person
000000155341.jpg,person
000000192607.jpg,person
000000260261.jpg,person
000000014226.jpg,person
000000466125.jpg,person
000000203294.jpg,person
000000322864.jpg,person
000000212226.jpg,person
000000289594.jpg,person
000000424975.jpg,person
000000018837.jpg,person
000000046872.jpg,person
000000443969.jpg,person
000000442456.jpg,person
000000264535.jpg,person
000000278749.jpg,person
000000131444.jpg,person
000000060090.jpg,person
000000087244.jpg,person
000000521141.jpg,person
000000320232.jpg,person
000000420916.jpg,person
000000129062.jpg,person
000000276707.jpg,person
000000351530.jpg,bicycle
000000295420.jpg,car
000000079034.jpg,car
000000366178.jpg,car
000000270297.jpg,person
000000401862.jpg,person
000000322610.jpg,person
000000565563.jpg,person
000000334555.jpg,person
000000471023.jpg,person
000000509451.jpg,person
000000210394.jpg,person
000000482585.jpg,person
000000259854.jpg,person
000000151480.jpg,person
000000227399.jpg,person
000000489014.jpg,person
000000147725.jpg,person
000000100723.jpg,person
000000500423.jpg,person
000000460841.jpg,person
000000114907.jpg,person
000000532530.jpg,person
000000065455.jpg,person
000000086483.jpg,person
000000460347.jpg,person
000000153011.jpg,person
000000295420.jpg,person
000000311190.jpg,person
000000217400.jpg,person
000000489842.jpg,person
000000163314.jpg,person
000000507667.jpg,person
000000204871.jpg,person
000000252559.jpg,person
000000376625.jpg,person
000000568147.jpg,person
000000334006.jpg,person
000000430073.jpg,person
000000563702.jpg,person
000000078565.jpg,person
000000566923.jpg,person
000000258793.jpg,person
000000188439.jpg,person
000000338532.jpg,person
000000578093.jpg,person
000000184324.jpg,person
000000193162.jpg,person
000000283318.jpg,person
000000124798.jpg,person
000000126110.jpg,person
000000249643.jpg,person
000000499181.jpg,person
000000277005.jpg,person
000000213593.jpg,person
000000441468.jpg,person
000000019109.jpg,person
000000099114.jpg,person
000000219271.jpg,person
000000290248.jpg,person
000000448810.jpg,person
000000054967.jpg,person
000000534673.jpg,person
000000352491.jpg,person
000000343976.jpg,person
000000259571.jpg,person
000000423229.jpg,person
000000201148.jpg,person
000000067616.jpg,bicycle
000000378139.jpg,bicycle
000000072852.jpg,bicycle
000000568147.jpg,car
000000378139.jpg,car
000000369442.jpg,car
000000344909.jpg,car
000000088462.jpg,car
000000000724.jpg,car
000000236845.jpg,car
000000126592.jpg,car
000000424975.jpg,car
000000564336.jpg,car
000000172648.jpg,car
000000553339.jpg,car
000000176037.jpg,car
000000323828.jpg,car
000000505942.jpg,car
000000128372.jpg,car
000000458702.jpg,car
000000478474.jpg,car
000000404534.jpg,car
000000086483.jpg,car
000000474452.jpg,car
000000038048.jpg,car
000000471023.jpg,chair
000000466125.jpg,chair
000000484404.jpg,chair
000000039484.jpg,chair
000000067616.jpg,chair
000000351530.jpg,chair
000000133000.jpg,person
000000084170.jpg,person
000000028993.jpg,person
000000460147.jpg,person
000000396518.jpg,person
000000198510.jpg,person
000000558421.jpg,person
000000542776.jpg,person
000000483667.jpg,person
000000353518.jpg,person
000000192716.jpg,person
000000570664.jpg,person
000000417779.jpg,person
000000488710.jpg,person
000000110784.jpg,person
000000246454.jpg,person
000000181816.jpg,person
000000296224.jpg,person
000000018837.jpg,car
000000572303.jpg,car
000000474164.jpg,car
000000169169.jpg,car
000000410712.jpg,car
000000373353.jpg,car
000000137727.jpg,car
000000459500.jpg,car
000000053994.jpg,car
000000433774.jpg,car
000000488664.jpg,car
000000427500.jpg,car
000000375278.jpg,dog
000000076547.jpg,chair
000000453584.jpg,chair
000000231831.jpg,chair
000000158956.jpg,chair
000000483667.jpg,chair
000000174231.jpg,chair
000000482978.jpg,chair
000000309173.jpg,person
000000565962.jpg,person
000000580418.jpg,person
000000213605.jpg,person
000000350003.jpg,bicycle
000000135410.jpg,bicycle
000000407083.jpg,car
000000507797.jpg,car
000000532530.jpg,dog
000000545826.jpg,chair
000000187236.jpg,chair
000000196754.jpg,chair
000000334521.jpg,person
000000073702.jpg,person
000000463618.jpg,person
000000118405.jpg,person
000000147338.jpg,car
000000410712.jpg,person
000000148719.jpg,person
000000251572.jpg,dog
000000081766.jpg,dog
000000401991.jpg,dog
000000049269.jpg,dog
000000206831.jpg,dog
000000139872.jpg,dog
000000412240.jpg,dog
000000022192.jpg,dog
000000071226.jpg,dog
000000505573.jpg,dog
000000237864.jpg,dog
000000292330.jpg,dog
000000534270.jpg,dog
000000222317.jpg,dog
000000318908.jpg,dog
000000347930.jpg,dog
000000089880.jpg,dog
000000170278.jpg,dog
000000225670.jpg,dog
000000486479.jpg,dog
000000030494.jpg,dog
000000554579.jpg,dog
000000549220.jpg,dog
000000555005.jpg,dog
000000399655.jpg,dog
000000185250.jpg,dog
000000309484.jpg,dog
000000080153.jpg,dog
000000273642.jpg,dog
000000446522.jpg,dog
000000329447.jpg,dog
000000389933.jpg,dog
000000145781.jpg,dog
000000575357.jpg,dog
000000462728.jpg,dog
000000273232.jpg,dog
000000490171.jpg,dog
000000181969.jpg,dog
000000263463.jpg,dog
000000517832.jpg,dog
000000338624.jpg,dog
000000138492.jpg,dog
000000297830.jpg,dog
000000179392.jpg,dog
000000509403.jpg,dog
000000182805.jpg,dog
000000017029.jpg,dog
000000236784.jpg,dog
000000385997.jpg,dog
000000295478.jpg,dog
000000149568.jpg,dog
000000082807.jpg,dog
000000253386.jpg,dog
000000511398.jpg,dog
000000355240.jpg,dog
000000512836.jpg,dog
000000107226.jpg,dog
000000367082.jpg,dog
000000151962.jpg,dog
000000338901.jpg,dog
000000289702.jpg,dog
000000367082.jpg,chair
000000163682.jpg,chair
000000517832.jpg,chair
000000275198.jpg,chair
000000082807.jpg,chair
000000460683.jpg,chair
000000156372.jpg,chair
000000040083.jpg,chair
000000338624.jpg,chair
000000255536.jpg,chair
000000066038.jpg,chair
000000289741.jpg,chair
000000385997.jpg,chair
000000061418.jpg,chair
000000413689.jpg,bicycle
000000040083.jpg,bicycle
000000281929.jpg,bicycle
000000184611.jpg,bicycle
000000341469.jpg,bicycle
000000458223.jpg,bicycle
000000184611.jpg,car
000000198489.jpg,car
000000040083.jpg,car
000000413689.jpg,car
000000338624.jpg,car
000000151962.jpg,car
000000266981.jpg,car
000000477227.jpg,car
000000263463.jpg,car
000000185250.jpg,person
000000549390.jpg,person
000000534270.jpg,person
000000250127.jpg,person
000000184611.jpg,person
000000502168.jpg,person
000000458223.jpg,person
000000149568.jpg,person
000000060823.jpg,person
000000198489.jpg,person
000000116439.jpg,person
000000341469.jpg,person
000000253386.jpg,person
000000549220.jpg,person
000000458255.jpg,person
000000570448.jpg,person
000000066038.jpg,person
000000330369.jpg,person
000000472298.jpg,person
000000213033.jpg,person
000000448256.jpg,person
000000080153.jpg,person
000000554579.jpg,person
000000154004.jpg,person
000000047828.jpg,person
000000289741.jpg,person
000000006763.jpg,person
000000312421.jpg,person
000000522393.jpg,person
000000040083.jpg,person
000000508101.jpg,person
000000092416.jpg,person
000000413689.jpg,person
000000490171.jpg,person
000000421757.jpg,person
000000473219.jpg,person
000000295478.jpg,person
000000107226.jpg,person
000000239274.jpg,person
000000255536.jpg,person
000000233771.jpg,person
000000445722.jpg,person
000000222559.jpg,person
000000275198.jpg,person
000000338624.jpg,person
000000160772.jpg,person
000000292236.jpg,person
000000519688.jpg,person
000000512836.jpg,person
000000266981.jpg,person
000000061418.jpg,person
000000186873.jpg,person
000000460683.jpg,person
000000399764.jpg,person
000000496597.jpg,person
000000273232.jpg,person
000000549390.jpg,bicycle
000000020571.jpg,person
000000212800.jpg,person
000000462728.jpg,person
000000257566.jpg,person
000000139872.jpg,person
000000319369.jpg,car
000000313588.jpg,car
000000408120.jpg,car
000000526728.jpg,car
000000166664.jpg,car
000000575243.jpg,car
000000177861.jpg,car
000000055150.jpg,car
000000009891.jpg,car
000000528980.jpg,car
000000212573.jpg,car
000000566282.jpg,car
000000309964.jpg,car
000000105923.jpg,car
000000346232.jpg,car
000000017029.jpg,car
000000442746.jpg,car
000000535608.jpg,chair
000000146363.jpg,chair
000000122046.jpg,chair
000000215072.jpg,chair
000000082180.jpg,chair
000000365208.jpg,chair
000000491867.jpg,chair
000000029984.jpg,chair
000000150224.jpg,chair
000000190753.jpg,chair
000000084477.jpg,chair
000000422836.jpg,chair
000000080340.jpg,chair
000000473219.jpg,chair
000000388846.jpg,chair
000000081061.jpg,chair
000000539962.jpg,chair
000000132796.jpg,chair
000000347254.jpg,chair
000000233033.jpg,chair
000000271116.jpg,chair
000000446522.jpg,chair
000000032901.jpg,chair
000000453001.jpg,person
000000414795.jpg,person
000000004134.jpg,person
000000088485.jpg,person
000000329323.jpg,person
000000250619.jpg,person
000000476514.jpg,person
000000061960.jpg,person
000000337055.jpg,person
000000270883.jpg,person
000000012280.jpg,person
000000235241.jpg,person
000000152214.jpg,person
000000060052.jpg,person
000000347254.jpg,person
000000568814.jpg,person
000000417249.jpg,person
000000390826.jpg,person
000000520832.jpg,person
000000132796.jpg,person
000000016598.jpg,person
000000471087.jpg,person
000000334719.jpg,person
000000388846.jpg,person
000000274219.jpg,person
000000286503.jpg,person
000000409198.jpg,person
000000477288.jpg,person
000000267191.jpg,person
000000450075.jpg,person
000000253742.jpg,person
000000369037.jpg,person
000000465180.jpg,person
000000271116.jpg,person
000000055150.jpg,person
000000081594.jpg,person
000000163257.jpg,person
000000309964.jpg,person
000000029984.jpg,person
000000441543.jpg,person
000000397303.jpg,person
000000493772.jpg,person
000000407943.jpg,person
000000476415.jpg,person
000000158945.jpg,person
000000252716.jpg,person
000000535608.jpg,person
000000539962.jpg,person
000000271997.jpg,person
000000277020.jpg,person
000000309484.jpg,person
000000032861.jpg,person
000000172617.jpg,person
000000048504.jpg,person
000000510329.jpg,person
000000215072.jpg,person
000000346232.jpg,person
000000133343.jpg,person
000000170955.jpg,person
000000519208.jpg,person
000000172877.jpg,person
000000351810.jpg,person
000000411953.jpg,person
000000377239.jpg,person
000000020333.jpg,person
000000393115.jpg,person
000000182805.jpg,person
000000344268.jpg,person
000000047585.jpg,person
000000422836.jpg,person
000000190753.jpg,person
000000105923.jpg,person
000000009891.jpg,person
000000562243.jpg,person
000000050811.jpg,person
000000151938.jpg,person
000000415748.jpg,person
000000580197.jpg,person
000000356427.jpg,person
000000119641.jpg,person
000000161032.jpg,person
000000296657.jpg,person
000000384468.jpg,person
000000183716.jpg,person
000000257896.jpg,person
000000365208.jpg,person
000000308328.jpg,person
000000206025.jpg,person
000000442746.jpg,person
000000121417.jpg,person
000000230993.jpg,person
000000203639.jpg,person
000000210789.jpg,person
000000067534.jpg,person
000000328238.jpg,person
000000067315.jpg,person
000000150224.jpg,person
000000319369.jpg,person
000000008532.jpg,person
000000455157.jpg,person
000000575243.jpg,person
000000292082.jpg,person
000000358525.jpg,person
000000443426.jpg,person
000000161875.jpg,person
000000112110.jpg,person
000000310862.jpg,person
000000500257.jpg,person
000000122046.jpg,person
000000103723.jpg,person
000000343803.jpg,person
000000453166.jpg,person
000000360097.jpg,person
000000287527.jpg,person
000000281754.jpg,person
000000032901.jpg,person
000000400815.jpg,person
000000100428.jpg,person
000000007088.jpg,person
000000288042.jpg,person
000000313454.jpg,person
000000486112.jpg,person
000000248284.jpg,person
000000440171.jpg,person
000000406417.jpg,person
000000212573.jpg,person
000000021167.jpg,person
000000281759.jpg,person
000000167067.jpg,person
000000080340.jpg,person
000000267169.jpg,person
000000053624.jpg,person
000000491867.jpg,person
000000008021.jpg,person
000000562207.jpg,person
000000180487.jpg,person
000000107851.jpg,person
000000402774.jpg,person
000000423506.jpg,person
000000258541.jpg,person
000000293300.jpg,person
000000179174.jpg,person
000000370711.jpg,person
000000437351.jpg,person
000000006894.jpg,person
000000526728.jpg,person
000000313588.jpg,person
000000183648.jpg,person
000000210388.jpg,person
000000442306.jpg,person
000000566282.jpg,person
000000557672.jpg,person
000000361551.jpg,person
000000084477.jpg,person
000000377368.jpg,person
000000021604.jpg,person
000000360960.jpg,person
000000262048.jpg,person
000000021903.jpg,person
000000011699.jpg,person
000000356125.jpg,person
000000183437.jpg,person
000000511384.jpg,person
000000025393.jpg,person
000000114049.jpg,person
000000106757.jpg,person
000000549930.jpg,person
000000341094.jpg,person
000000509403.jpg,person
000000018770.jpg,person
000000011051.jpg,person
000000119088.jpg,person
000000166768.jpg,person
000000085329.jpg,person
000000496854.jpg,person
000000136633.jpg,person
000000177861.jpg,bicycle
000000520707.jpg,person
000000143961.jpg,person
000000449432.jpg,person
000000558114.jpg,person
000000244496.jpg,person
000000200961.jpg,person
000000289229.jpg,person
000000201418.jpg,person
000000178744.jpg,person
000000161978.jpg,person
000000540414.jpg,person
000000250137.jpg,person
000000026941.jpg,person
000000279927.jpg,person
000000323799.jpg,person
000000068409.jpg,person
000000002299.jpg,person
000000530854.jpg,person
000000503855.jpg,person
000000084270.jpg,person
000000024021.jpg,person
000000114884.jpg,person
000000352684.jpg,person
000000530162.jpg,person
000000390555.jpg,person
000000177861.jpg,person
000000207844.jpg,person
000000521259.jpg,person
000000250282.jpg,person
000000060932.jpg,person
000000082821.jpg,person
000000144932.jpg,person
000000463849.jpg,person
000000416104.jpg,person
000000350019.jpg,person
000000320743.jpg,person
000000050006.jpg,person
000000190753.jpg,bicycle
000000082821.jpg,bicycle
000000463849.jpg,car
000000007088.jpg,car
000000082821.jpg,car
000000355240.jpg,car
000000047828.jpg,car
000000143961.jpg,dog
000000328238.jpg,chair
000000313454.jpg,chair
000000397303.jpg,chair
000000443426.jpg,chair
000000115245.jpg,chair
000000183716.jpg,chair
000000416104.jpg,chair
000000004134.jpg,chair
000000121506.jpg,chair
000000319369.jpg,chair
000000177861.jpg,chair
000000114049.jpg,chair
000000180296.jpg,chair
000000277020.jpg,chair
000000558114.jpg,chair
000000067534.jpg,chair
000000325031.jpg,person
000000477227.jpg,person
000000019924.jpg,person
000000251572.jpg,person
000000223188.jpg,person
000000408120.jpg,person
000000354547.jpg,person
000000368961.jpg,person
000000151962.jpg,person
000000370813.jpg,person
000000047819.jpg,person
000000004395.jpg,person
000000163682.jpg,person
000000301867.jpg,person
000000127660.jpg,person
000000329041.jpg,person
000000177015.jpg,person
000000025393.jpg,car
000000121506.jpg,car
000000200961.jpg,car
000000384468.jpg,car
000000351810.jpg,chair
000000180487.jpg,chair
000000416991.jpg,chair
000000116439.jpg,chair
000000292082.jpg,chair
000000207844.jpg,chair
000000500211.jpg,chair
000000115245.jpg,person
000000107226.jpg,bicycle
000000568814.jpg,chair
000000158945.jpg,chair
000000281929.jpg,person
000000360137.jpg,person
000000009448.jpg,person
000000292155.jpg,person
000000034139.jpg,person
000000521259.jpg,car
000000477689.jpg,person
000000044068.jpg,chair
000000540466.jpg,person
000000389316.jpg,person
000000339823.jpg,person
000000269113.jpg,dog
000000355905.jpg,dog
000000562561.jpg,dog
000000134112.jpg,dog
000000022892.jpg,dog
000000463522.jpg,dog
000000564280.jpg,dog
000000255664.jpg,dog
000000090003.jpg,dog
000000309938.jpg,dog
000000447200.jpg,dog
000000221693.jpg,dog
000000547502.jpg,dog
000000236592.jpg,dog
000000364636.jpg,dog
000000072813.jpg,dog
000000283412.jpg,dog
000000367195.jpg,dog
000000357459.jpg,dog
000000479155.jpg,dog
000000331075.jpg,dog
000000464522.jpg,dog
000000125405.jpg,dog
000000560880.jpg,dog
000000052891.jpg,dog
000000421455.jpg,dog
000000064868.jpg,dog
000000369541.jpg,dog
000000262938.jpg,dog
000000269932.jpg,chair
000000441442.jpg,chair
000000303653.jpg,chair
000000050380.jpg,chair
000000474854.jpg,chair
000000061584.jpg,chair
000000166426.jpg,chair
000000378515.jpg,bicycle
000000439854.jpg,bicycle
000000227898.jpg,car
000000506656.jpg,car
000000382111.jpg,car
000000381971.jpg,car
000000344888.jpg,car
000000121242.jpg,car
000000007281.jpg,person
000000121031.jpg,person
000000488251.jpg,person
000000047571.jpg,person
000000479155.jpg,person
000000132408.jpg,person
000000476215.jpg,person
000000213547.jpg,person
000000054931.jpg,person
000000061584.jpg,person
000000275392.jpg,person
000000140286.jpg,person
000000229948.jpg,person
000000506656.jpg,person
000000317433.jpg,person
000000064868.jpg,person
000000381971.jpg,person
000000214753.jpg,person
000000303653.jpg,person
000000553990.jpg,person
000000023126.jpg,person
000000481480.jpg,person
000000048555.jpg,person
000000023034.jpg,person
000000439854.jpg,person
000000303499.jpg,person
000000080659.jpg,person
000000369541.jpg,person
000000463522.jpg,person
000000456015.jpg,person
000000427655.jpg,person
000000576955.jpg,person
000000576052.jpg,person
000000396863.jpg,person
000000040036.jpg,person
000000121242.jpg,person
000000547886.jpg,person
000000367818.jpg,person
000000045070.jpg,person
000000140270.jpg,person
000000206838.jpg,person
000000574297.jpg,person
000000050380.jpg,person
000000227898.jpg,person
000000357459.jpg,person
000000097924.jpg,person
000000360661.jpg,person
000000454798.jpg,person
000000319721.jpg,person
000000265816.jpg,person
000000474854.jpg,person
000000378515.jpg,person
000000012748.jpg,person
000000241677.jpg,person
000000560880.jpg,person
000000191288.jpg,person
000000100510.jpg,person
000000441442.jpg,person
000000134856.jpg,person
000000308545.jpg,person
000000382111.jpg,person
000000377486.jpg,person
000000353051.jpg,person
000000260106.jpg,person
000000185473.jpg,person
000000481582.jpg,person
000000199236.jpg,person
000000242678.jpg,person
000000391290.jpg,car
000000386210.jpg,car
000000157928.jpg,car
000000069356.jpg,car
000000521819.jpg,car
000000437239.jpg,car
000000102805.jpg,car
000000231508.jpg,car
000000050679.jpg,car
000000192670.jpg,car
000000130699.jpg,car
000000303566.jpg,car
000000537506.jpg,car
000000261982.jpg,car
000000376307.jpg,chair
000000163951.jpg,chair
000000054628.jpg,chair
000000425361.jpg,chair
000000500478.jpg,chair
000000017182.jpg,chair
000000282037.jpg,chair
000000112378.jpg,chair
000000123213.jpg,chair
000000437239.jpg,person
000000357742.jpg,person
000000437205.jpg,person
000000325991.jpg,person
000000190853.jpg,person
000000330396.jpg,person
000000266409.jpg,person
000000482800.jpg,person
000000533493.jpg,person
000000261036.jpg,person
000000199055.jpg,person
000000059598.jpg,person
000000336265.jpg,person
000000038118.jpg,person
000000205333.jpg,person
000000136334.jpg,person
000000366711.jpg,person
000000052591.jpg,person
000000227482.jpg,person
000000434548.jpg,person
000000431545.jpg,person
000000319184.jpg,person
000000500270.jpg,person
000000553788.jpg,person
000000362520.jpg,person
000000157928.jpg,person
000000345466.jpg,person
000000127263.jpg,person
000000535306.jpg,person
000000347265.jpg,person
000000378454.jpg,person
000000440336.jpg,person
000000213171.jpg,person
000000128654.jpg,person
000000464089.jpg,person
000000465806.jpg,person
000000312720.jpg,person
000000280891.jpg,person
000000132931.jpg,person
000000342397.jpg,person
000000568213.jpg,person
000000556158.jpg,person
000000082986.jpg,person
000000364102.jpg,person
000000404249.jpg,person
000000480275.jpg,person
000000259097.jpg,person
000000118921.jpg,person
000000197388.jpg,person
000000485480.jpg,person
000000326542.jpg,person
000000261982.jpg,person
000000527029.jpg,person
000000567740.jpg,person
000000493442.jpg,person
000000129945.jpg,person
000000130579.jpg,person
000000257478.jpg,person
000000499031.jpg,person
000000030504.jpg,person
000000443844.jpg,person
000000428218.jpg,person
000000095155.jpg,person
000000008844.jpg,person
000000469828.jpg,person
000000000785.jpg,person
000000468632.jpg,person
000000552842.jpg,person
000000013291.jpg,person
000000164885.jpg,person
000000138115.jpg,person
000000064462.jpg,person
000000442836.jpg,person
000000451714.jpg,person
000000169356.jpg,person
000000576031.jpg,person
000000043816.jpg,person
000000163118.jpg,person
000000292415.jpg,person
000000331799.jpg,person
000000034452.jpg,person
000000162415.jpg,person
000000061747.jpg,person
000000051712.jpg,person
000000451144.jpg,person
000000090891.jpg,person
000000421455.jpg,person
000000091495.jpg,person
000000031093.jpg,person
000000239857.jpg,person
000000414170.jpg,person
000000304180.jpg,person
000000130699.jpg,person
000000516038.jpg,person
000000341719.jpg,person
000000227491.jpg,person
000000470779.jpg,person
000000102805.jpg,person
000000006954.jpg,person
000000574823.jpg,person
000000434204.jpg,person
000000447465.jpg,person
000000006471.jpg,person
000000174123.jpg,person
000000470952.jpg,person
000000216516.jpg,person
000000515982.jpg,person
000000009378.jpg,person
000000352582.jpg,person
000000196442.jpg,person
000000283520.jpg,person
000000425361.jpg,person
000000507015.jpg,person
000000109118.jpg,person
000000192670.jpg,person
000000407002.jpg,person
000000128112.jpg,person
000000223955.jpg,person
000000308165.jpg,person
000000069356.jpg,person
000000451879.jpg,person
000000401244.jpg,person
000000377113.jpg,person
000000434459.jpg,person
000000032735.jpg,person
000000293794.jpg,person
000000500478.jpg,person
000000010764.jpg,person
000000229601.jpg,person
000000451043.jpg,person
000000074860.jpg,person
000000512776.jpg,person
000000424551.jpg,person
000000352760.jpg,person
000000297698.jpg,person
000000005529.jpg,person
000000150649.jpg,person
000000388903.jpg,person
000000280779.jpg,person
000000455555.jpg,person
000000439522.jpg,person
000000377588.jpg,person
000000516601.jpg,person
000000569825.jpg,person
000000559547.jpg,person
000000282037.jpg,person
000000123213.jpg,person
000000243989.jpg,person
000000186042.jpg,person
000000400794.jpg,person
000000356428.jpg,person
000000236308.jpg,person
000000329827.jpg,person
000000554328.jpg,person
000000504589.jpg,person
000000459195.jpg,person
000000391290.jpg,person
000000430961.jpg,person
000000108495.jpg,person
000000003255.jpg,person
000000274708.jpg,person
000000172935.jpg,person
000000430377.jpg,person
000000427160.jpg,person
000000119445.jpg,person
000000272566.jpg,person
000000153229.jpg,person
000000411530.jpg,person
000000537506.jpg,person
000000568981.jpg,person
000000068387.jpg,person
000000239773.jpg,person
000000581357.jpg,person
000000453708.jpg,person
000000019221.jpg,person
000000184978.jpg,person
000000448263.jpg,person
000000572900.jpg,person
000000537827.jpg,person
000000328337.jpg,person
000000308793.jpg,person
000000424642.jpg,person
000000013201.jpg,person
000000013774.jpg,person
000000247917.jpg,person
000000481413.jpg,person
000000100238.jpg,person
000000407298.jpg,person
000000374369.jpg,person
000000376307.jpg,person
000000173830.jpg,person
000000271471.jpg,person
000000269316.jpg,person
000000398028.jpg,person
000000291619.jpg,person
000000220764.jpg,person
000000501005.jpg,person
000000559160.jpg,person
000000054628.jpg,person
000000462904.jpg,person
000000521819.jpg,person
000000303566.jpg,person
000000331280.jpg,person
000000439180.jpg,person
000000231508.jpg,person
000000417285.jpg,person
000000016228.jpg,person
000000085682.jpg,person
000000052891.jpg,person
000000072795.jpg,person
000000542127.jpg,person
000000188465.jpg,person
000000268729.jpg,person
000000387916.jpg,person
000000309655.jpg,person
000000516677.jpg,person
000000205324.jpg,person
000000361919.jpg,person
000000166747.jpg,person
000000084031.jpg,person
000000141671.jpg,person
000000438955.jpg,person
000000018491.jpg,person
000000025057.jpg,person
000000546823.jpg,person
000000476770.jpg,person
000000439994.jpg,person
000000193181.jpg,person
000000405249.jpg,person
000000509014.jpg,person
000000153669.jpg,person
000000421455.jpg,car
000000513181.jpg,car
000000293794.jpg,car
000000488251.jpg,car
000000546823.jpg,car
000000427655.jpg,car
000000191580.jpg,chair
000000462904.jpg,chair
000000109118.jpg,chair
000000434459.jpg,chair
000000239857.jpg,chair
000000100510.jpg,chair
000000231508.jpg,chair
000000192670.jpg,chair
000000188465.jpg,chair
000000064868.jpg,chair
000000060886.jpg,person
000000577539.jpg,person
000000197658.jpg,person
000000158660.jpg,person
000000080671.jpg,person
000000235784.jpg,person
000000153797.jpg,person
000000253695.jpg,person
000000244099.jpg,person
000000015956.jpg,person
000000110999.jpg,person
000000191614.jpg,person
000000261116.jpg,person
000000263966.jpg,person
000000367195.jpg,person
000000388903.jpg,bicycle
000000127263.jpg,car
000000022892.jpg,chair
000000424721.jpg,chair
000000463522.jpg,bicycle
000000546823.jpg,bicycle
000000305695.jpg,car
000000059598.jpg,chair
000000439994.jpg,chair
000000347370.jpg,person
000000079014.jpg,person
000000216277.jpg,person
000000342971.jpg,person
000000466602.jpg,person
000000242724.jpg,person
000000423104.jpg,person
000000530624.jpg,dog
000000366611.jpg,dog
000000324158.jpg,dog
000000276055.jpg,chair
000000293858.jpg,chair
000000170670.jpg,chair
000000473118.jpg,bicycle
000000226903.jpg,bicycle
000000447917.jpg,bicycle
000000558213.jpg,bicycle
000000468332.jpg,car
000000330818.jpg,person
000000276055.jpg,person
000000081738.jpg,person
000000160728.jpg,person
000000579635.jpg,person
000000190007.jpg,person
000000447917.jpg,person
000000515579.jpg,person
000000473118.jpg,person
000000065350.jpg,person
000000364557.jpg,person
000000084674.jpg,person
000000558854.jpg,person
000000113235.jpg,person
000000204329.jpg,person
000000558213.jpg,person
000000160728.jpg,car
000000065350.jpg,car
000000428111.jpg,person
000000476119.jpg,car
000000157365.jpg,car
000000349860.jpg,car
000000289938.jpg,car
000000324158.jpg,car
000000396200.jpg,car
000000171382.jpg,car
000000397351.jpg,car
000000350148.jpg,car
000000107554.jpg,car
000000119911.jpg,car
000000245320.jpg,car
000000394510.jpg,car
000000213255.jpg,car
000000188296.jpg,car
000000278705.jpg,car
000000146831.jpg,car
000000361506.jpg,car
000000132544.jpg,car
000000414385.jpg,car
000000398742.jpg,car
000000230983.jpg,car
000000419408.jpg,car
000000273711.jpg,chair
000000517056.jpg,chair
000000024567.jpg,chair
000000226147.jpg,chair
000000018193.jpg,chair
000000099810.jpg,chair
000000069224.jpg,chair
000000016451.jpg,chair
000000570471.jpg,chair
000000242946.jpg,chair
000000311303.jpg,chair
000000092939.jpg,chair
000000535523.jpg,chair
000000350148.jpg,chair
000000530975.jpg,chair
000000426795.jpg,chair
000000480936.jpg,chair
000000102820.jpg,person
000000450559.jpg,person
000000185950.jpg,person
000000493864.jpg,person
000000393469.jpg,person
000000171382.jpg,person
000000106912.jpg,person
000000239717.jpg,person
000000401250.jpg,person
000000094614.jpg,person
000000035682.jpg,person
000000389197.jpg,person
000000018519.jpg,person
000000253819.jpg,person
000000389109.jpg,person
000000161799.jpg,person
000000108503.jpg,person
000000553221.jpg,person
000000187362.jpg,person
000000162092.jpg,person
000000523033.jpg,person
000000512985.jpg,person
000000099810.jpg,person
000000451084.jpg,person
000000343937.jpg,person
000000089078.jpg,person
000000561958.jpg,person
000000072281.jpg,person
000000327592.jpg,person
000000417911.jpg,person
000000245320.jpg,person
000000121673.jpg,person
000000445602.jpg,person
000000529939.jpg,person
000000492968.jpg,person
000000243148.jpg,person
000000573258.jpg,person
000000092939.jpg,person
000000561223.jpg,person
000000529762.jpg,person
000000188592.jpg,person
000000464144.jpg,person
000000350148.jpg,person
000000083540.jpg,person
000000224222.jpg,person
000000229553.jpg,person
000000190841.jpg,person
000000502737.jpg,person
000000422998.jpg,person
000000378873.jpg,person
000000313034.jpg,person
000000422886.jpg,person
000000026690.jpg,person
000000424521.jpg,person
000000260470.jpg,person
000000054592.jpg,person
000000176799.jpg,person
000000570471.jpg,person
000000314709.jpg,person
000000187055.jpg,person
000000094944.jpg,person
000000051314.jpg,person
000000145665.jpg,person
000000111207.jpg,person
000000491130.jpg,person
000000438862.jpg,person
000000409475.jpg,person
000000230983.jpg,person
000000270677.jpg,person
000000069224.jpg,person
000000044195.jpg,person
000000257084.jpg,person
000000045550.jpg,person
000000373315.jpg,person
000000563349.jpg,person
000000252507.jpg,person
000000359677.jpg,person
000000496409.jpg,person
000000329456.jpg,person
000000448365.jpg,person
000000365521.jpg,person
000000541055.jpg,person
000000473121.jpg,person
000000242946.jpg,person
000000002473.jpg,person
000000384666.jpg,person
000000425906.jpg,person
000000442463.jpg,person
000000394510.jpg,person
000000194471.jpg,person
000000067310.jpg,person
000000490515.jpg,person
000000560178.jpg,person
000000532493.jpg,person
000000142971.jpg,person
000000154087.jpg,person
000000125472.jpg,person
000000400573.jpg,person
000000063047.jpg,person
000000432085.jpg,person
000000283268.jpg,person
000000038678.jpg,person
000000486438.jpg,person
000000291551.jpg,person
000000516173.jpg,person
000000263969.jpg,person
000000300276.jpg,person
000000199442.jpg,person
000000534041.jpg,person
000000361506.jpg,person
000000096825.jpg,person
000000301563.jpg,person
000000343453.jpg,person
000000358195.jpg,person
000000370677.jpg,person
000000309467.jpg,person
000000132703.jpg,person
000000125257.jpg,person
000000107094.jpg,person
000000312489.jpg,person
000000177357.jpg,person
000000020992.jpg,person
000000249786.jpg,person
000000007977.jpg,person
000000431848.jpg,person
000000313562.jpg,person
000000038210.jpg,person
000000128699.jpg,person
000000576566.jpg,person
000000109992.jpg,person
000000378244.jpg,person
000000548555.jpg,person
000000074457.jpg,person
000000161879.jpg,person
000000554595.jpg,person
000000475064.jpg,person
000000515445.jpg,person
000000129812.jpg,person
000000334767.jpg,person
000000577864.jpg,person
000000473406.jpg,person
000000449312.jpg,person
000000419379.jpg,person
000000170613.jpg,person
000000146831.jpg,person
000000336356.jpg,person
000000005193.jpg,person
000000327306.jpg,person
000000581206.jpg,person
000000090956.jpg,person
000000185292.jpg,person
000000426376.jpg,person
000000414385.jpg,person
000000350679.jpg,person
000000039785.jpg,person
000000489924.jpg,person
000000172649.jpg,person
000000092053.jpg,person
000000162732.jpg,person
000000033104.jpg,person
000000476119.jpg,person
000000122672.jpg,person
000000180135.jpg,person
000000421060.jpg,person
000000515577.jpg,person
000000119911.jpg,person
000000306437.jpg,person
000000275058.jpg,person
000000581062.jpg,person
000000003553.jpg,person
000000187990.jpg,person
000000217872.jpg,person
000000041990.jpg,person
000000532855.jpg,person
000000398742.jpg,person
000000151051.jpg,person
000000322724.jpg,person
000000036539.jpg,person
000000438907.jpg,person
000000327605.jpg,person
000000121591.jpg,person
000000080273.jpg,person
000000258388.jpg,person
000000341973.jpg,person
000000457559.jpg,person
000000149375.jpg,person
000000295316.jpg,person
000000193429.jpg,person
000000420281.jpg,person
000000523807.jpg,person
000000043314.jpg,person
000000449603.jpg,person
000000426795.jpg,person
000000257624.jpg,person
000000419408.jpg,person
000000013546.jpg,person
000000256868.jpg,person
000000450399.jpg,person
000000142790.jpg,person
000000270122.jpg,person
000000157365.jpg,person
000000226147.jpg,person
000000001490.jpg,person
000000398438.jpg,person
000000295138.jpg,person
000000289417.jpg,person
000000187585.jpg,person
000000034417.jpg,person
000000099242.jpg,person
000000177539.jpg,person
000000535523.jpg,person
000000517056.jpg,person
000000476258.jpg,person
000000349594.jpg,person
000000335328.jpg,person
000000562229.jpg,person
000000246883.jpg,person
000000161781.jpg,person
000000024567.jpg,person
000000045090.jpg,person
000000349860.jpg,person
000000397681.jpg,person
000000210230.jpg,person
000000426203.jpg,person
000000395903.jpg,person
000000084492.jpg,person
000000459662.jpg,person
000000163640.jpg,person
000000402118.jpg,person
000000528314.jpg,person
000000054164.jpg,person
000000458325.jpg,person
000000053626.jpg,person
000000071877.jpg,person
000000303893.jpg,person
000000326128.jpg,person
000000529122.jpg,person
000000562818.jpg,person
000000037689.jpg,person
000000530975.jpg,person
000000544444.jpg,person
000000097278.jpg,person
000000068628.jpg,person
000000405195.jpg,person
000000455448.jpg,person
000000465836.jpg,person
000000156643.jpg,person
000000087476.jpg,person
000000331817.jpg,person
000000176901.jpg,person
000000334483.jpg,person
000000209757.jpg,person
000000297427.jpg,person
000000364884.jpg,person
000000407650.jpg,person
000000245311.jpg,person
000000383337.jpg,person
000000532481.jpg,person
000000416343.jpg,person
000000288862.jpg,person
000000278705.jpg,person
000000035197.jpg,person
000000374083.jpg,person
000000468505.jpg,person
000000245026.jpg,person
000000574520.jpg,person
000000137246.jpg,person
000000480936.jpg,person
000000273715.jpg,person
000000093353.jpg,person
000000004765.jpg,person
000000378673.jpg,person
000000043435.jpg,person
000000230819.jpg,person
000000447611.jpg,person
000000461009.jpg,person
000000462371.jpg,person
000000023359.jpg,person
000000452784.jpg,person
000000456303.jpg,person
000000016451.jpg,person
000000250901.jpg,person
000000073946.jpg,person
000000326462.jpg,person
000000273711.jpg,person
000000142238.jpg,person
000000018193.jpg,person
000000326174.jpg,person
000000179898.jpg,person
000000051938.jpg,person
000000148662.jpg,person
000000410456.jpg,person
000000513567.jpg,person
000000276434.jpg,person
000000263068.jpg,person
000000481390.jpg,person
000000538236.jpg,person
000000093717.jpg,person
000000132544.jpg,person
000000188296.jpg,person
000000086755.jpg,person
000000074200.jpg,person
000000125936.jpg,person
000000226903.jpg,person
000000046463.jpg,person
000000540932.jpg,person
000000350405.jpg,person
000000377635.jpg,person
000000145597.jpg,person
000000214539.jpg,person
000000520659.jpg,person
000000420069.jpg,person
000000468332.jpg,person
000000376112.jpg,person
000000463542.jpg,person
000000563648.jpg,person
000000567640.jpg,person
000000523957.jpg,person
000000131556.jpg,person
000000279730.jpg,person
000000572620.jpg,person
000000439426.jpg,person
000000231125.jpg,person
000000306437.jpg,bicycle
000000065350.jpg,bicycle
000000468505.jpg,bicycle
000000164115.jpg,bicycle
000000394510.jpg,bicycle
000000449312.jpg,car
000000416885.jpg,car
000000378673.jpg,car
000000426203.jpg,car
000000532481.jpg,car
000000513567.jpg,car
000000113235.jpg,car
000000567640.jpg,car
000000458325.jpg,car
000000435081.jpg,chair
000000162092.jpg,chair
000000417608.jpg,chair
000000093353.jpg,chair
000000481390.jpg,chair
000000300276.jpg,chair
000000167572.jpg,chair
000000416343.jpg,chair
000000420069.jpg,chair
000000156643.jpg,chair
000000551822.jpg,chair
000000520659.jpg,chair
000000035682.jpg,chair
000000179898.jpg,chair
000000389109.jpg,chair
000000184384.jpg,person
000000399296.jpg,person
000000406611.jpg,person
000000083531.jpg,person
000000336209.jpg,person
000000396200.jpg,person
000000254016.jpg,person
000000006460.jpg,person
000000464786.jpg,person
000000118367.jpg,person
000000022479.jpg,person
000000157601.jpg,person
000000538458.jpg,person
000000311303.jpg,person
000000167572.jpg,person
000000528399.jpg,person
000000400044.jpg,person
000000345941.jpg,person
000000128476.jpg,person
000000015597.jpg,bicycle
000000093717.jpg,bicycle
000000448365.jpg,bicycle
000000260470.jpg,car
000000084492.jpg,car
000000461009.jpg,chair
000000257084.jpg,chair
000000336356.jpg,chair
000000091779.jpg,chair
000000534041.jpg,chair
000000368684.jpg,chair
000000397351.jpg,person
000000289938.jpg,person
000000333772.jpg,chair
000000459662.jpg,chair
000000192964.jpg,person
000000359833.jpg,person
000000331604.jpg,person
000000015597.jpg,person
000000324158.jpg,person
000000428111.jpg,bicycle
000000213255.jpg,person
000000535858.jpg,person
000000193674.jpg,dog
000000318238.jpg,dog
000000159458.jpg,dog
000000458663.jpg,chair
000000546964.jpg,chair
000000322352.jpg,chair
000000029596.jpg,chair
000000092091.jpg,chair
000000572678.jpg,chair
000000467315.jpg,chair
000000468501.jpg,chair
000000367386.jpg,chair
000000345252.jpg,chair
000000037740.jpg,chair
000000396526.jpg,chair
000000340175.jpg,chair
000000416534.jpg,chair
000000154358.jpg,chair
000000024610.jpg,chair
000000556000.jpg,chair
000000000139.jpg,chair
000000415741.jpg,chair
000000482319.jpg,chair
000000319935.jpg,chair
000000091406.jpg,chair
000000442323.jpg,chair
000000357978.jpg,chair
000000048396.jpg,chair
000000301421.jpg,chair
000000213422.jpg,chair
000000128148.jpg,chair
000000080932.jpg,chair
000000515077.jpg,chair
000000569059.jpg,chair
000000013923.jpg,chair
000000277197.jpg,chair
000000172595.jpg,chair
000000036844.jpg,bicycle
000000565853.jpg,person
000000112298.jpg,person
000000357978.jpg,person
000000569972.jpg,person
000000482319.jpg,person
000000435208.jpg,person
000000019786.jpg,person
000000080932.jpg,person
000000471756.jpg,person
000000107339.jpg,person
000000139077.jpg,person
000000201646.jpg,person
000000491366.jpg,person
000000092091.jpg,person
000000044877.jpg,person
000000455937.jpg,person
000000515077.jpg,person
000000010707.jpg,person
000000467315.jpg,person
000000563267.jpg,person
000000195842.jpg,person
000000218439.jpg,person
000000468501.jpg,person
000000091406.jpg,person
000000471893.jpg,person
000000292446.jpg,person
000000448076.jpg,person
000000411817.jpg,person
000000468954.jpg,person
000000109313.jpg,person
000000293625.jpg,person
000000144984.jpg,person
000000533145.jpg,person
000000036936.jpg,person
000000319100.jpg,person
000000556000.jpg,person
000000514508.jpg,person
000000164883.jpg,person
000000146358.jpg,person
000000575081.jpg,person
000000467176.jpg,person
000000454067.jpg,person
000000048396.jpg,person
000000559543.jpg,person
000000154358.jpg,person
000000193674.jpg,person
000000465549.jpg,person
000000013729.jpg,person
000000257370.jpg,person
000000000139.jpg,person
000000059635.jpg,person
000000546964.jpg,person
000000222735.jpg,person
000000146358.jpg,chair
000000290771.jpg,chair
000000064523.jpg,car
000000158744.jpg,car
000000135604.jpg,car
000000274411.jpg,car
000000031620.jpg,chair
000000126137.jpg,chair
000000062808.jpg,chair
000000075612.jpg,chair
000000047112.jpg,chair
000000150417.jpg,chair
000000140076.jpg,chair
000000325347.jpg,chair
000000515828.jpg,chair
000000521717.jpg,chair
000000194724.jpg,chair
000000240023.jpg,chair
000000124659.jpg,chair
000000473237.jpg,chair
000000025603.jpg,chair
000000460333.jpg,chair
000000190648.jpg,chair
000000016958.jpg,chair
000000039956.jpg,chair
000000001993.jpg,chair
000000091500.jpg,chair
000000231879.jpg,chair
000000326248.jpg,chair
000000228144.jpg,chair
000000180101.jpg,chair
000000570456.jpg,chair
000000201426.jpg,chair
000000158744.jpg,chair
000000266892.jpg,chair
000000019432.jpg,chair
000000578545.jpg,chair
000000415716.jpg,chair
000000133244.jpg,chair
000000518770.jpg,chair
000000296222.jpg,chair
000000051738.jpg,chair
000000113720.jpg,chair
000000382125.jpg,chair
000000516916.jpg,chair
000000491008.jpg,chair
000000361147.jpg,chair
000000342128.jpg,chair
000000098853.jpg,chair
000000333237.jpg,chair
000000050828.jpg,chair
000000237071.jpg,person
000000512657.jpg,person
000000220584.jpg,person
000000302990.jpg,person
000000263403.jpg,person
000000402720.jpg,person
000000252701.jpg,person
000000248400.jpg,person
000000406129.jpg,person
000000513041.jpg,person
000000082688.jpg,person
000000321214.jpg,person
000000297595.jpg,person
000000177065.jpg,person
000000009400.jpg,person
000000485027.jpg,person
000000140987.jpg,person
000000320696.jpg,person
000000292024.jpg,person
000000351823.jpg,person
000000162581.jpg,person
000000518770.jpg,person
000000021879.jpg,person
000000482275.jpg,person
000000152686.jpg,person
000000498807.jpg,person
000000549055.jpg,person
000000341196.jpg,person
000000149770.jpg,person
000000231879.jpg,person
000000027972.jpg,person
000000289059.jpg,person
000000065736.jpg,person
000000019432.jpg,person
000000023899.jpg,person
000000554156.jpg,person
000000085772.jpg,person
000000325483.jpg,person
000000025603.jpg,person
000000033368.jpg,person
000000031217.jpg,person
000000274066.jpg,person
000000439525.jpg,person
000000215259.jpg,person
000000354307.jpg,person
000000290163.jpg,person
000000158744.jpg,person
000000385029.jpg,person
000000324258.jpg,person
000000002261.jpg,person
000000375469.jpg,person
000000477955.jpg,person
000000088970.jpg,person
000000383842.jpg,person
000000361238.jpg,person
000000156924.jpg,person
000000364126.jpg,person
000000182155.jpg,person
000000548524.jpg,person
000000410496.jpg,person
000000347174.jpg,person
000000444142.jpg,person
000000500565.jpg,person
000000000885.jpg,person
000000148739.jpg,person
000000104424.jpg,person
000000372577.jpg,person
000000271402.jpg,person
000000201426.jpg,person
000000210915.jpg,person
000000431693.jpg,person
000000381360.jpg,person
000000040757.jpg,person
000000388215.jpg,person
000000397279.jpg,person
000000206579.jpg,person
000000321790.jpg,person
000000489764.jpg,person
000000042528.jpg,person
000000414034.jpg,person
000000474021.jpg,person
000000320642.jpg,person
000000475191.jpg,person
000000479953.jpg,person
000000214703.jpg,person
000000035279.jpg,person
000000460333.jpg,person
000000373382.jpg,person
000000212166.jpg,person
000000133418.jpg,person
000000007278.jpg,person
000000488166.jpg,person
000000327701.jpg,person
000000091500.jpg,person
000000166165.jpg,person
000000031620.jpg,person
000000362716.jpg,person
000000416451.jpg,person
000000143572.jpg,person
000000156076.jpg,person
000000193348.jpg,person
000000325347.jpg,person
000000551215.jpg,person
000000180560.jpg,person
000000324614.jpg,person
000000304812.jpg,person
000000311394.jpg,person
000000063965.jpg,person
000000420840.jpg,person
000000393056.jpg,person
000000047801.jpg,person
000000445999.jpg,person
000000039551.jpg,person
000000099182.jpg,person
000000544519.jpg,person
000000394559.jpg,person
000000189752.jpg,person
000000302536.jpg,person
000000096493.jpg,person
000000161925.jpg,person
000000252776.jpg,person
000000019402.jpg,person
000000049759.jpg,person
000000128675.jpg,person
000000449661.jpg,person
000000241668.jpg,person
000000172571.jpg,person
000000209829.jpg,person
000000296222.jpg,person
000000551804.jpg,person
000000400161.jpg,person
000000438304.jpg,person
000000082715.jpg,person
000000055950.jpg,person
000000223182.jpg,person
000000329542.jpg,person
000000345385.jpg,person
000000563281.jpg,person
000000111609.jpg,person
000000294831.jpg,person
000000240023.jpg,person
000000403584.jpg,person
000000050943.jpg,person
000000429761.jpg,person
000000554266.jpg,person
000000495732.jpg,person
000000371749.jpg,person
000000213830.jpg,person
000000309678.jpg,person
000000064898.jpg,person
000000521509.jpg,person
000000003934.jpg,person
000000513524.jpg,person
000000568195.jpg,person
000000334417.jpg,person
000000113720.jpg,person
000000505451.jpg,person
000000361147.jpg,person
000000554735.jpg,person
000000265777.jpg,person
000000328601.jpg,person
000000170474.jpg,person
000000455301.jpg,person
000000022935.jpg,person
000000177213.jpg,person
000000451155.jpg,person
000000027186.jpg,person
000000516318.jpg,person
000000032081.jpg,person
000000239347.jpg,person
000000055528.jpg,person
000000190307.jpg,person
000000027696.jpg,person
000000171757.jpg,person
000000115898.jpg,person
000000518326.jpg,person
000000170191.jpg,person
000000425702.jpg,person
000000110449.jpg,person
000000261535.jpg,person
000000316404.jpg,person
000000422670.jpg,person
000000371042.jpg,person
000000129492.jpg,person
000000318138.jpg,person
000000137106.jpg,person
000000175251.jpg,person
000000272148.jpg,person
000000273760.jpg,person
000000229111.jpg,person
000000081988.jpg,person
000000060102.jpg,person
000000200421.jpg,person
000000289415.jpg,person
000000482735.jpg,person
000000191672.jpg,person
000000489611.jpg,person
000000033221.jpg,person
000000441491.jpg,person
000000468577.jpg,person
000000463174.jpg,person
000000307172.jpg,person
000000062808.jpg,person
000000521717.jpg,person
000000498032.jpg,person
000000530820.jpg,person
000000287347.jpg,person
000000199551.jpg,person
000000276285.jpg,person
000000371552.jpg,person
000000234607.jpg,person
000000238013.jpg,person
000000327617.jpg,person
000000391140.jpg,person
000000415882.jpg,person
000000551439.jpg,person
000000052507.jpg,person
000000062692.jpg,person
000000064718.jpg,person
000000503755.jpg,person
000000376093.jpg,person
000000491008.jpg,person
000000474167.jpg,person
000000074733.jpg,person
000000117744.jpg,person
000000179487.jpg,person
000000473237.jpg,person
000000203864.jpg,person
000000532690.jpg,person
000000390246.jpg,person
000000257865.jpg,person
000000372349.jpg,person
000000382125.jpg,person
000000441286.jpg,person
000000547854.jpg,person
000000080022.jpg,person
000000556193.jpg,person
000000317999.jpg,person
000000099039.jpg,person
000000376206.jpg,person
000000382009.jpg,person
000000578545.jpg,person
000000363207.jpg,person
000000278973.jpg,person
000000355257.jpg,person
000000135604.jpg,person
000000201072.jpg,person
000000515350.jpg,person
000000404839.jpg,person
000000378284.jpg,person
000000079031.jpg,person
000000185890.jpg,person
000000402615.jpg,person
000000180101.jpg,person
000000380711.jpg,person
000000571598.jpg,person
000000025228.jpg,person
000000378116.jpg,person
000000497344.jpg,person
000000179141.jpg,person
000000463802.jpg,person
000000018150.jpg,person
000000232692.jpg,person
000000463918.jpg,person
000000032570.jpg,person
000000127530.jpg,person
000000096427.jpg,person
000000150417.jpg,person
000000329455.jpg,person
000000445792.jpg,person
000000209530.jpg,person
000000300341.jpg,person
000000254368.jpg,person
000000258883.jpg,person
000000292908.jpg,person
000000151629.jpg,person
000000391722.jpg,person
000000033221.jpg,car
000000076468.jpg,person
000000515828.jpg,person
000000332351.jpg,person
000000437331.jpg,person
000000122962.jpg,person
000000078915.jpg,person
000000569059.jpg,person
000000376900.jpg,person
000000342128.jpg,person
000000059044.jpg,person
000000279541.jpg,person
000000368212.jpg,person
000000409211.jpg,person
000000485071.jpg,person
000000172946.jpg,person
000000133244.jpg,person
000000326248.jpg,person
000000386879.jpg,person
000000079969.jpg,person
000000474028.jpg,person
000000266892.jpg,person
000000121744.jpg,person
000000001000.jpg,person
000000189775.jpg,person
000000126137.jpg,person
000000047112.jpg,person
000000479248.jpg,person
000000493905.jpg,person
000000356505.jpg,person
000000098853.jpg,person
000000064523.jpg,person
000000578489.jpg,person
000000551820.jpg,person
000000075612.jpg,person
000000541123.jpg,person
000000183391.jpg,person
000000179642.jpg,person
000000157046.jpg,person
000000398203.jpg,person
000000402765.jpg,person
000000386352.jpg,person
000000274460.jpg,person
000000229849.jpg,person
000000342128.jpg,car
000000301421.jpg,car
000000140987.jpg,chair
000000382009.jpg,chair
000000493905.jpg,chair
000000129492.jpg,chair
000000559543.jpg,chair
000000223182.jpg,chair
000000276285.jpg,chair
000000054605.jpg,chair
000000455937.jpg,chair
000000494913.jpg,chair
000000541123.jpg,chair
000000241668.jpg,chair
000000435208.jpg,chair
000000156924.jpg,chair
000000429623.jpg,chair
000000189775.jpg,chair
000000471893.jpg,chair
000000532761.jpg,chair
000000173004.jpg,chair
000000532901.jpg,chair
000000229849.jpg,chair
000000195842.jpg,chair
000000420840.jpg,chair
000000076468.jpg,chair
000000444142.jpg,chair
000000183391.jpg,chair
000000079969.jpg,chair
000000383838.jpg,chair
000000213830.jpg,chair
000000369310.jpg,chair
000000467176.jpg,chair
000000010092.jpg,chair
000000218091.jpg,chair
000000329455.jpg,chair
000000054605.jpg,person
000000506178.jpg,person
000000404805.jpg,person
000000274411.jpg,person
000000223959.jpg,person
000000383838.jpg,person
000000035062.jpg,person
000000012576.jpg,person
000000183127.jpg,person
000000334530.jpg,person
000000108253.jpg,person
000000039480.jpg,person
000000365095.jpg,person
000000539883.jpg,person
000000063154.jpg,person
000000274460.jpg,bicycle
000000059635.jpg,bicycle
000000171757.jpg,chair
000000042528.jpg,chair
000000464358.jpg,chair
000000571313.jpg,chair
000000170474.jpg,chair
000000159458.jpg,chair
000000232088.jpg,chair
000000509699.jpg,chair
000000513041.jpg,chair
000000181753.jpg,chair
000000201646.jpg,chair
000000189752.jpg,chair
000000453722.jpg,chair
000000179642.jpg,chair
000000386352.jpg,chair
000000449661.jpg,chair
000000448076.jpg,chair
000000302030.jpg,chair
000000451571.jpg,chair
000000189310.jpg,chair
000000568584.jpg,chair
000000000632.jpg,chair
000000353027.jpg,person
000000180878.jpg,car
000000321214.jpg,chair
000000405970.jpg,chair
000000489764.jpg,chair
000000410496.jpg,chair
000000057232.jpg,chair
000000290163.jpg,chair
000000074733.jpg,chair
000000051976.jpg,person
000000355325.jpg,person
000000190637.jpg,person
000000033005.jpg,person
000000345252.jpg,person
000000494913.jpg,person
000000312552.jpg,person
000000536038.jpg,person
000000117719.jpg,person
000000567011.jpg,person
000000568584.jpg,person
000000369310.jpg,person
000000206579.jpg,chair
000000225405.jpg,person
000000262587.jpg,person
000000046048.jpg,person
000000371749.jpg,dog
000000036844.jpg,chair
000000323355.jpg,person
000000371699.jpg,dog
000000427034.jpg,dog
000000543581.jpg,dog
000000471789.jpg,dog
000000166166.jpg,chair
000000246968.jpg,chair
000000450303.jpg,chair
000000242934.jpg,chair
000000332845.jpg,chair
000000089045.jpg,chair
000000326082.jpg,chair
000000363461.jpg,chair
000000160012.jpg,chair
000000189820.jpg,chair
000000322895.jpg,chair
000000465822.jpg,chair
000000047769.jpg,chair
000000578500.jpg,chair
000000125778.jpg,chair
000000340894.jpg,chair
000000031248.jpg,chair
000000573094.jpg,chair
000000097337.jpg,chair
000000492758.jpg,chair
000000395701.jpg,chair
000000579970.jpg,chair
000000139684.jpg,chair
000000367095.jpg,chair
000000195754.jpg,chair
000000384527.jpg,chair
000000428280.jpg,chair
000000573094.jpg,bicycle
000000470173.jpg,bicycle
000000160012.jpg,car
000000290179.jpg,car
000000259690.jpg,car
000000306700.jpg,person
000000141821.jpg,person
000000427034.jpg,person
000000340894.jpg,person
000000357888.jpg,person
000000086582.jpg,person
000000115870.jpg,person
000000332845.jpg,person
000000450303.jpg,person
000000383339.jpg,person
000000367095.jpg,person
000000546717.jpg,person
000000160012.jpg,person
000000568710.jpg,person
000000246968.jpg,person
000000009483.jpg,person
000000089296.jpg,person
000000384527.jpg,bicycle
000000377393.jpg,person
000000163057.jpg,car
000000427055.jpg,car
000000208423.jpg,car
000000530470.jpg,car
000000478721.jpg,car
000000168330.jpg,car
000000196141.jpg,car
000000549738.jpg,car
000000057597.jpg,car
000000511760.jpg,car
000000343218.jpg,car
000000504415.jpg,car
000000432898.jpg,car
000000043737.jpg,car
000000395801.jpg,car
000000383289.jpg,car
000000457884.jpg,car
000000553669.jpg,car
000000425925.jpg,car
000000470924.jpg,car
000000027620.jpg,chair
000000014439.jpg,chair
000000522889.jpg,chair
000000527427.jpg,chair
000000012120.jpg,chair
000000286553.jpg,chair
000000026465.jpg,chair
000000580410.jpg,chair
000000160864.jpg,chair
000000486040.jpg,chair
000000146457.jpg,chair
000000470924.jpg,chair
000000306139.jpg,chair
000000410650.jpg,chair
000000279774.jpg,chair
000000325838.jpg,chair
000000536947.jpg,chair
000000004495.jpg,chair
000000039405.jpg,chair
000000473821.jpg,chair
000000513688.jpg,chair
000000497599.jpg,chair
000000256916.jpg,chair
000000189475.jpg,chair
000000054593.jpg,chair
000000374982.jpg,chair
000000085157.jpg,chair
000000328430.jpg,chair
000000492110.jpg,chair
000000032038.jpg,person
000000504389.jpg,person
000000306139.jpg,person
000000426836.jpg,person
000000292225.jpg,person
000000248616.jpg,person
000000130586.jpg,person
000000231747.jpg,person
000000269121.jpg,person
000000357238.jpg,person
000000154425.jpg,person
000000463690.jpg,person
000000218997.jpg,person
000000447088.jpg,person
000000248752.jpg,person
000000374545.jpg,person
000000187734.jpg,person
000000089648.jpg,person
000000261732.jpg,person
000000323895.jpg,person
000000450686.jpg,person
000000459809.jpg,person
000000432898.jpg,person
000000311002.jpg,person
000000143068.jpg,person
000000434230.jpg,person
000000457884.jpg,person
000000085157.jpg,person
000000408774.jpg,person
000000145020.jpg,person
000000093261.jpg,person
000000553669.jpg,person
000000343706.jpg,person
000000371699.jpg,person
000000022705.jpg,person
000000425227.jpg,person
000000447314.jpg,person
000000160864.jpg,person
000000002153.jpg,person
000000037988.jpg,person
000000471789.jpg,person
000000359540.jpg,person
000000491464.jpg,person
000000438876.jpg,person
000000236599.jpg,person
000000162035.jpg,person
000000264968.jpg,person
000000050638.jpg,person
000000284743.jpg,person
000000343218.jpg,person
000000166478.jpg,person
000000514586.jpg,person
000000088345.jpg,person
000000527427.jpg,person
000000039914.jpg,person
000000520264.jpg,person
000000511760.jpg,person
000000302107.jpg,person
000000514797.jpg,person
000000099024.jpg,person
000000281687.jpg,person
000000562581.jpg,person
000000254516.jpg,person
000000161861.jpg,person
000000521956.jpg,person
000000538067.jpg,person
000000205105.jpg,person
000000374982.jpg,person
000000557916.jpg,person
000000440184.jpg,person
000000407646.jpg,person
000000007511.jpg,person
000000140840.jpg,person
000000286553.jpg,person
000000224664.jpg,person
000000235778.jpg,person
000000270908.jpg,person
000000447187.jpg,person
000000235836.jpg,person
000000054593.jpg,person
000000424349.jpg,person
000000017959.jpg,person
000000579307.jpg,person
000000356094.jpg,person
000000320490.jpg,person
000000136915.jpg,person
000000221291.jpg,person
000000343524.jpg,person
000000119365.jpg,person
000000209753.jpg,person
000000511647.jpg,person
000000288430.jpg,person
000000058350.jpg,person
000000548339.jpg,person
000000256775.jpg,person
000000506707.jpg,person
000000357816.jpg,person
000000050326.jpg,person
000000527215.jpg,person
000000399462.jpg,person
000000370270.jpg,person
000000098287.jpg,person
000000468965.jpg,person
000000492110.jpg,person
000000216296.jpg,person
000000090284.jpg,person
000000577959.jpg,person
000000199310.jpg,person
000000196141.jpg,person
000000181303.jpg,person
000000181499.jpg,person
000000046252.jpg,person
000000404923.jpg,person
000000527528.jpg,person
000000070229.jpg,person
000000409542.jpg,person
000000232684.jpg,person
000000289960.jpg,person
000000522889.jpg,person
000000224337.jpg,person
000000369323.jpg,person
000000051610.jpg,person
000000414673.jpg,person
000000383384.jpg,person
000000548246.jpg,person
000000312192.jpg,person
000000067406.jpg,person
000000305309.jpg,person
000000116068.jpg,person
000000262487.jpg,person
000000451435.jpg,person
000000121497.jpg,person
000000322944.jpg,person
000000403122.jpg,person
000000428454.jpg,person
000000270474.jpg,person
000000299553.jpg,person
000000474344.jpg,person
000000473869.jpg,person
000000074646.jpg,person
000000294695.jpg,person
000000039951.jpg,person
000000128748.jpg,person
000000015660.jpg,person
000000576654.jpg,person
000000263679.jpg,person
000000343149.jpg,person
000000086956.jpg,person
000000486104.jpg,person
000000407868.jpg,person
000000494759.jpg,person
000000398237.jpg,person
000000146457.jpg,person
000000261061.jpg,person
000000308587.jpg,person
000000427077.jpg,person
000000361730.jpg,person
000000384670.jpg,person
000000033759.jpg,person
000000394677.jpg,person
000000404922.jpg,person
000000047740.jpg,person
000000248112.jpg,person
000000158227.jpg,person
000000341681.jpg,person
000000379332.jpg,person
000000390902.jpg,person
000000005586.jpg,person
000000077460.jpg,person
000000452515.jpg,person
000000224675.jpg,person
000000273493.jpg,person
000000026465.jpg,person
000000239537.jpg,person
000000504415.jpg,person
000000529148.jpg,person
000000276804.jpg,person
000000323496.jpg,person
000000549738.jpg,person
000000193743.jpg,person
000000012639.jpg,person
000000497599.jpg,person
000000083172.jpg,person
000000171788.jpg,person
000000383289.jpg,person
000000119995.jpg,person
000000415727.jpg,person
000000510095.jpg,person
000000223738.jpg,person
000000127270.jpg,person
000000462031.jpg,person
000000325838.jpg,person
000000246436.jpg,person
000000507223.jpg,person
000000474078.jpg,person
000000062355.jpg,person
000000279774.jpg,person
000000000872.jpg,person
000000074092.jpg,person
000000405279.jpg,person
000000477805.jpg,person
000000054593.jpg,car
000000193245.jpg,person
000000005001.jpg,person
000000513283.jpg,person
000000012120.jpg,person
000000057597.jpg,person
000000331317.jpg,person
000000533816.jpg,person
000000134322.jpg,person
000000449579.jpg,person
000000458045.jpg,person
000000199395.jpg,person
000000559348.jpg,person
000000410650.jpg,person
000000024027.jpg,person
000000410735.jpg,person
000000559842.jpg,person
000000427256.jpg,person
000000014439.jpg,person
000000060507.jpg,person
000000395801.jpg,person
000000065798.jpg,person
000000570756.jpg,person
000000429690.jpg,person
000000465822.jpg,person
000000163057.jpg,person
000000388056.jpg,person
000000261097.jpg,person
000000236426.jpg,person
000000478721.jpg,person
000000312237.jpg,person
000000039405.jpg,person
000000570688.jpg,person
000000057760.jpg,person
000000311928.jpg,person
000000159399.jpg,person
000000303713.jpg,person
000000293200.jpg,person
000000012670.jpg,person
000000095862.jpg,person
000000259690.jpg,person
000000433103.jpg,person
000000208363.jpg,person
000000470924.jpg,person
000000207306.jpg,person
000000124442.jpg,person
000000147729.jpg,person
000000427997.jpg,person
000000370375.jpg,person
000000189475.jpg,person
000000304404.jpg,person
000000163117.jpg,person
000000217285.jpg,person
000000531135.jpg,person
000000305317.jpg,person
000000528578.jpg,person
000000133969.jpg,person
000000281409.jpg,person
000000328430.jpg,person
000000433515.jpg,person
000000203931.jpg,person
000000182923.jpg,person
000000374545.jpg,bicycle
000000491464.jpg,car
000000033759.jpg,car
000000514586.jpg,car
000000466416.jpg,car
000000570688.jpg,car
000000308531.jpg,car
000000430048.jpg,car
000000433515.jpg,car
000000506707.jpg,car
000000428454.jpg,car
000000395801.jpg,dog
000000057760.jpg,dog
000000379332.jpg,chair
000000246308.jpg,chair
000000323151.jpg,chair
000000236426.jpg,chair
000000116208.jpg,chair
000000414673.jpg,chair
000000344621.jpg,chair
000000433103.jpg,chair
000000236914.jpg,chair
000000371699.jpg,chair
000000568710.jpg,chair
000000261097.jpg,chair
000000555972.jpg,chair
000000403122.jpg,chair
000000372466.jpg,chair
000000060449.jpg,chair
000000427997.jpg,chair
000000559842.jpg,chair
000000089648.jpg,chair
000000127270.jpg,chair
000000281409.jpg,chair
000000217285.jpg,chair
000000425925.jpg,person
000000094185.jpg,person
000000426241.jpg,person
000000296231.jpg,person
000000412286.jpg,person
000000367228.jpg,person
000000170116.jpg,person
000000116208.jpg,person
000000182021.jpg,person
000000563470.jpg,person
000000084362.jpg,person
000000410510.jpg,person
000000290179.jpg,person
000000524456.jpg,person
000000465718.jpg,person
000000208423.jpg,person
000000005001.jpg,bicycle
000000125778.jpg,car
000000239318.jpg,chair
000000383386.jpg,chair
000000303713.jpg,chair
000000084362.jpg,chair
000000563470.jpg,chair
000000020553.jpg,chair
000000050326.jpg,chair
000000187734.jpg,chair
000000293804.jpg,chair
000000434479.jpg,chair
000000235836.jpg,chair
000000208363.jpg,chair
000000074646.jpg,chair
000000259690.jpg,chair
000000296231.jpg,chair
000000106235.jpg,chair
000000540962.jpg,chair
000000506707.jpg,chair
000000545007.jpg,person
000000097337.jpg,person
000000357816.jpg,car
000000281687.jpg,car
000000060507.jpg,chair
000000419601.jpg,chair
000000136915.jpg,chair
000000366141.jpg,chair
000000083172.jpg,chair
000000474293.jpg,person
000000492758.jpg,person
000000411774.jpg,person
000000025424.jpg,person
000000195918.jpg,chair
000000578871.jpg,chair
000000057238.jpg,chair
000000419653.jpg,chair
000000177489.jpg,chair
000000237517.jpg,chair
000000415238.jpg,chair
000000397354.jpg,chair
000000375430.jpg,chair
000000132375.jpg,bicycle
000000125572.jpg,bicycle
000000167486.jpg,bicycle
000000411938.jpg,bicycle
000000119516.jpg,bicycle
000000411938.jpg,car
000000372260.jpg,car
000000541773.jpg,person
000000177489.jpg,person
000000564091.jpg,person
000000301718.jpg,person
000000119516.jpg,person
000000336628.jpg,person
000000537991.jpg,person
000000125572.jpg,person
000000066771.jpg,person
000000411938.jpg,person
000000157767.jpg,person
000000553731.jpg,person
000000565877.jpg,person
000000024243.jpg,person
000000290843.jpg,person
000000397354.jpg,person
000000160556.jpg,person
000000578871.jpg,person
000000117908.jpg,person
000000132375.jpg,person
000000074256.jpg,person
000000167486.jpg,person
000000180751.jpg,person
000000363188.jpg,car
000000334309.jpg,car
000000242411.jpg,car
000000191013.jpg,car
000000356424.jpg,car
000000545100.jpg,car
000000168593.jpg,chair
000000484351.jpg,chair
000000238410.jpg,chair
000000123633.jpg,chair
000000032334.jpg,chair
000000297562.jpg,chair
000000125129.jpg,chair
000000537270.jpg,chair
000000356248.jpg,chair
000000537672.jpg,chair
000000031296.jpg,chair
000000142620.jpg,chair
000000395343.jpg,chair
000000151820.jpg,chair
000000224807.jpg,chair
000000189213.jpg,chair
000000286182.jpg,chair
000000336053.jpg,chair
000000356424.jpg,chair
000000147415.jpg,chair
000000159791.jpg,chair
000000249129.jpg,chair
000000268378.jpg,chair
000000379476.jpg,chair
000000297084.jpg,chair
000000546219.jpg,chair
000000338905.jpg,chair
000000530061.jpg,chair
000000273420.jpg,chair
000000060899.jpg,chair
000000011813.jpg,chair
000000404678.jpg,chair
000000363666.jpg,chair
000000179112.jpg,person
000000280930.jpg,person
000000286660.jpg,person
000000157756.jpg,person
000000454404.jpg,person
000000450202.jpg,person
000000302882.jpg,person
000000213035.jpg,person
000000079588.jpg,person
000000563882.jpg,person
000000322163.jpg,person
000000545100.jpg,person
000000368294.jpg,person
000000560911.jpg,person
000000281414.jpg,person
000000345397.jpg,person
000000496571.jpg,person
000000117197.jpg,person
000000404678.jpg,person
000000569976.jpg,person
000000470773.jpg,person
000000125129.jpg,person
000000579070.jpg,person
000000346968.jpg,person
000000297084.jpg,person
000000326970.jpg,person
000000579655.jpg,person
000000009590.jpg,person
000000144784.jpg,person
000000478420.jpg,person
000000285047.jpg,person
000000266768.jpg,person
000000363666.jpg,person
000000261318.jpg,person
000000506933.jpg,person
000000112997.jpg,person
000000484978.jpg,person
000000156292.jpg,person
000000073533.jpg,person
000000501368.jpg,person
000000499266.jpg,person
000000365886.jpg,person
000000268378.jpg,person
000000398377.jpg,person
000000341828.jpg,person
000000151000.jpg,person
000000255483.jpg,person
000000066886.jpg,person
000000147415.jpg,person
000000284764.jpg,person
000000567886.jpg,person
000000025394.jpg,person
000000244750.jpg,person
000000174371.jpg,person
000000048564.jpg,person
000000380913.jpg,person
000000286523.jpg,person
000000369503.jpg,person
000000249180.jpg,person
000000262631.jpg,person
000000085089.jpg,person
000000215114.jpg,person
000000078170.jpg,person
000000581317.jpg,person
000000356424.jpg,person
000000060899.jpg,person
000000356531.jpg,person
000000442161.jpg,person
000000411754.jpg,person
000000191013.jpg,person
000000168883.jpg,person
000000512929.jpg,person
000000127394.jpg,person
000000240250.jpg,person
000000474039.jpg,person
000000273420.jpg,person
000000530061.jpg,person
000000259597.jpg,person
000000001296.jpg,person
000000202001.jpg,person
000000053909.jpg,person
000000418062.jpg,person
000000537270.jpg,person
000000032887.jpg,person
000000488673.jpg,person
000000100624.jpg,person
000000031118.jpg,person
000000146155.jpg,person
000000070739.jpg,person
000000052413.jpg,person
000000286182.jpg,person
000000194716.jpg,person
000000242411.jpg,person
000000417632.jpg,person
000000297562.jpg,person
000000238410.jpg,person
000000032334.jpg,person
000000229216.jpg,person
000000326541.jpg,person
000000456662.jpg,person
000000213086.jpg,person
000000073153.jpg,person
000000154644.jpg,person
000000120420.jpg,person
000000350002.jpg,person
000000150638.jpg,person
000000334309.jpg,person
000000036660.jpg,person
000000071938.jpg,person
000000412362.jpg,person
000000057150.jpg,person
000000483999.jpg,person
000000231339.jpg,person
000000280918.jpg,person
000000505789.jpg,person
000000384136.jpg,person
000000508730.jpg,person
000000336053.jpg,person
000000334399.jpg,person
000000168974.jpg,person
000000498747.jpg,person
000000025386.jpg,person
000000356248.jpg,person
000000345356.jpg,person
000000123633.jpg,person
000000439773.jpg,person
000000433980.jpg,person
000000368752.jpg,person
000000066706.jpg,person
000000137294.jpg,person
000000300039.jpg,person
000000224807.jpg,person
000000094157.jpg,person
000000157756.jpg,car
000000105455.jpg,car
000000031118.jpg,car
000000151820.jpg,person
000000381587.jpg,person
000000338905.jpg,person
000000484351.jpg,person
000000203629.jpg,person
000000006771.jpg,person
000000282298.jpg,person
000000410880.jpg,person
000000064084.jpg,person
000000257169.jpg,person
000000015335.jpg,person
000000424135.jpg,person
000000305609.jpg,person
000000363188.jpg,person
000000142620.jpg,person
000000018380.jpg,person
000000002685.jpg,person
000000475572.jpg,person
000000376322.jpg,person
000000388927.jpg,person
000000399205.jpg,person
000000031296.jpg,person
000000314264.jpg,person
000000135890.jpg,person
000000321333.jpg,person
000000233238.jpg,person
000000546219.jpg,person
000000171190.jpg,person
000000117492.jpg,person
000000166918.jpg,person
000000436617.jpg,person
000000459954.jpg,person
000000173057.jpg,person
000000157756.jpg,bicycle
000000245173.jpg,bicycle
000000175438.jpg,car
000000410880.jpg,car
000000273420.jpg,car
000000297562.jpg,car
000000233238.jpg,chair
000000569976.jpg,chair
000000488673.jpg,chair
000000579070.jpg,chair
000000411754.jpg,chair
000000428867.jpg,chair
000000240250.jpg,chair
000000313130.jpg,chair
000000454404.jpg,chair
000000009590.jpg,chair
000000483999.jpg,chair
000000563882.jpg,chair
000000078170.jpg,chair
000000508730.jpg,chair
000000436617.jpg,chair
000000346968.jpg,chair
000000025386.jpg,chair
000000007818.jpg,chair
000000021465.jpg,chair
000000243034.jpg,person
000000105335.jpg,person
000000528705.jpg,person
000000508312.jpg,person
000000332570.jpg,person
000000311180.jpg,person
000000462643.jpg,person
000000263425.jpg,person
000000292488.jpg,person
000000005060.jpg,person
000000500716.jpg,person
000000552775.jpg,person
000000111036.jpg,car
000000100624.jpg,car
000000194716.jpg,car
000000127394.jpg,chair
000000499266.jpg,chair
000000117492.jpg,chair
000000213224.jpg,chair
000000259597.jpg,chair
000000506933.jpg,chair
000000261318.jpg,chair
000000018380.jpg,chair
000000171190.jpg,chair
000000014038.jpg,chair
000000159791.jpg,person
000000161397.jpg,person
000000326541.jpg,car
000000032334.jpg,car
000000410880.jpg,chair
000000052413.jpg,chair
000000546475.jpg,person
000000435205.jpg,person
000000351096.jpg,person
000000002431.jpg,person
000000251824.jpg,person
000000394940.jpg,person
